-------------------------------------------------------------------------------
      name:  <unnamed>
       log:  C:/Users/lcastillo/Music/TAREA 2/log/P1_ENIGH_ENOE.log
  log type:  text
 opened on:  28 Sep 2026, 17:44:47

. 
. * Estilo gráfico uniforme para todo el problema set
. set scheme s2color

. graph set window fontface "Times New Roman"

. 
. * Estilo A para todas las gráficas: paleta, tamaño de texto y tamaño de figur
> a
. global c1   "31 58 104"           // azul marino

. global c2   "200 112 42"          // naranja

. global c3   "46 107 52"           // verde

. global c4   "142 36 50"           // guinda

. global gtam "medsmall"            // mismo tamaño para títulos de eje y etiqu
> etas

. global gfig "xsize(6.5) ysize(4.5) graphregion(color(white) margin(small)) pl
> otregion(color(white) lcolor(none))"

. 
. * Estilo de todos los cuadros: sin línea vertical, encabezados centrados,
. * Times New Roman
. capture program drop estilo_cuadro

. program define estilo_cuadro
  1.     syntax [, SIZE(integer 9)]
  2.     collect style header result, level(hide)
  3.     collect style cell border_block, border(right, pattern(nil))
  4.     collect style cell cell_type[column-header corner], font(, bold) shadi
> ng(background(D9D9D9))   // formato C: encabezado gris y en negrita
  5.     collect style cell cell_type[column-header], halign(center)
  6.     collect style cell, font("Times New Roman", size(`size'))
  7.     capture noisily collect style title, font("Times New Roman", size(10))
  8.     capture noisily collect style header year, title(hide)
  9. end

. 
. * Exporta el cuadro: Excel con collect; Word con putdocx para que la nota y l
> a
. * fuente queden en renglones separados y en letra menor
. capture program drop exporta_cuadro

. program define exporta_cuadro
  1.     syntax, ARchivo(string) NOta(string) FUente(string)
  2.     collect export "`archivo'.xlsx", replace
  3.     putdocx clear
  4.     putdocx begin, font("Times New Roman", 10)
  5.     putdocx collect
  6.     putdocx paragraph
  7.     putdocx text ("`nota'"), font("Times New Roman", 8)
  8.     putdocx paragraph
  9.     putdocx text ("`fuente'"), font("Times New Roman", 8)
 10.     putdocx save "`archivo'.docx", replace
 11. end

. 
. * Interruptores: 1 = corre la sección, 0 = la omite (para no repetir pasos le
> ntos)
. global corre_1_1b 1               // revisión de la ENOE (tarda ~1.5 min)

. global corre_1_2  1               // construcción del ingreso ENIGH (ya corri
> da; sus archivos existen)

. global corre_1_3  1               // bases limpias ENIGH y ENOE (ya corrida; 
> sus archivos existen)

. 
. 
. /*===========================================================================
> ===
>   INCISO 1.1 — Bases a utilizar
>   ENIGH: todas las levantadas entre 1992 y 2024 (18 levantamientos).
>   ENOE : todos los trimestres 2005-I a 2026-II, SIN la ETOE (2020-II).
>   Objetivo de esta sección: verificar que tenemos todos los insumos 
> =============================================================================
> =*/
. 
. *----------------------------------------------------------------------------
> --
. * 1.1.a ENIGH: inventario de tablas de POBLACIÓN e INGRESOS por año
. *   Los nombres de los archivos cambian entre años (dbf hasta 2005, dta despu
> és;
. *   "NCV_" para la Nueva Construcción de Variables 2008-2014). Guardamos los
. *   nombres en locales para reutilizarlos en el inciso 1.2.
. *----------------------------------------------------------------------------
> --
. global enigh_years 1992 1994 1996 1998 2000 2002 2004 2005 2006 ///
>                    2008 2010 2012 2014 2016 2018 2020 2022 2024

. 
. * Tabla de población por año
. global pob1992 "POBLA92.dbf"

. global pob1994 "POBLA94.dbf"

. global pob1996 "POBLA96.dbf"

. global pob1998 "POBLA98.dbf"

. global pob2000 "pobla.dbf"

. global pob2002 "POBLA02.dbf"

. global pob2004 "POBLA04.dbf"

. global pob2005 "pobla.dbf"

. global pob2006 "poblacion.dta"

. global pob2008 "NCV_Poblacion_2008_concil_2010.dta"

. global pob2010 "NCV_Poblacion_2010_concil_2010.dta"

. global pob2012 "ncv_poblacion_2012_concil_2010.dta"

. global pob2014 "ncv_poblacion_2014_concil_2010.dta"

. foreach y in 2016 2018 2020 2022 2024 {
  2.     global pob`y' "poblacion.dta"
  3. }

. 
. * Tabla de ingresos por año
. foreach y in 1992 1994 1996 1998 2000 2002 2004 2005 {
  2.     global ing`y' "ingresos.dbf"
  3. }

. global ing2006 "Ingresos.dta"

. global ing2008 "NCV_Ingresos_2008_concil_2010.dta"

. global ing2010 "NCV_Ingresos_2010_concil_2010.dta"

. global ing2012 "ncv_ingresos_2012_concil_2010.dta"

. global ing2014 "ncv_ingresos_2014_concil_2010.dta"

. foreach y in 2016 2018 2020 2022 2024 {
  2.     global ing`y' "ingresos.dta"
  3. }

. 
. * Verificación: si falta algún archivo, el do-file se detiene con error
. foreach y of global enigh_years {
  2.     confirm file "$enigh/`y'/${pob`y'}"
  3.     confirm file "$enigh/`y'/${ing`y'}"
  4.     di as txt "ENIGH `y': OK  ->  ${pob`y'}  |  ${ing`y'}"
  5. }
ENIGH 1992: OK  ->  POBLA92.dbf  |  ingresos.dbf
ENIGH 1994: OK  ->  POBLA94.dbf  |  ingresos.dbf
ENIGH 1996: OK  ->  POBLA96.dbf  |  ingresos.dbf
ENIGH 1998: OK  ->  POBLA98.dbf  |  ingresos.dbf
ENIGH 2000: OK  ->  pobla.dbf  |  ingresos.dbf
ENIGH 2002: OK  ->  POBLA02.dbf  |  ingresos.dbf
ENIGH 2004: OK  ->  POBLA04.dbf  |  ingresos.dbf
ENIGH 2005: OK  ->  pobla.dbf  |  ingresos.dbf
ENIGH 2006: OK  ->  poblacion.dta  |  Ingresos.dta
ENIGH 2008: OK  ->  NCV_Poblacion_2008_concil_2010.dta  |  NCV_Ingresos_2008_co
> ncil_2010.dta
ENIGH 2010: OK  ->  NCV_Poblacion_2010_concil_2010.dta  |  NCV_Ingresos_2010_co
> ncil_2010.dta
ENIGH 2012: OK  ->  ncv_poblacion_2012_concil_2010.dta  |  ncv_ingresos_2012_co
> ncil_2010.dta
ENIGH 2014: OK  ->  ncv_poblacion_2014_concil_2010.dta  |  ncv_ingresos_2014_co
> ncil_2010.dta
ENIGH 2016: OK  ->  poblacion.dta  |  ingresos.dta
ENIGH 2018: OK  ->  poblacion.dta  |  ingresos.dta
ENIGH 2020: OK  ->  poblacion.dta  |  ingresos.dta
ENIGH 2022: OK  ->  poblacion.dta  |  ingresos.dta
ENIGH 2024: OK  ->  poblacion.dta  |  ingresos.dta

. 
. *----------------------------------------------------------------------------
> --
. * 1.1.b ENOE: cobertura por año-trimestre, factor de expansión y ETOE
. *   Solo leemos las variables de identificación del periodo y los pesos.
. *----------------------------------------------------------------------------
> --
. if $corre_1_1b {
. use anio_enoe trimestre_enoe fac fac_men r_def c_res eda ///
>     using "$enoe/ENOE_todas.dta", clear
. 
. describe, short

Contains data from C:/Users/lcastillo/Music/TAREA 2/data/ENOE/ENOE/ENOE_todas.d
> ta
 Observations:    34,524,451                  
    Variables:             7                  23 Sep 2026 03:19
Sorted by: 
. destring anio_enoe trimestre_enoe, replace   // por si vinieran como texto
anio_enoe already numeric; no replace
trimestre_enoe already numeric; no replace
. 
. * Número de registros por año y trimestre
. table anio_enoe trimestre_enoe, nformat(%12.0fc)

-----------------------------------------------------------------------
          |                        trimestre_enoe                      
          |          1           2           3           4        Total
----------+------------------------------------------------------------
anio_enoe |                                                            
  2005    |    424,007     428,727     421,751     423,757    1,698,242
  2006    |    426,160     424,579     423,305     421,581    1,695,625
  2007    |    423,910     422,591     418,327     409,422    1,674,250
  2008    |    416,538     415,610     410,219     407,232    1,649,599
  2009    |    407,725     405,529     402,919     403,862    1,620,035
  2010    |    406,797     408,164     405,533     401,524    1,622,018
  2011    |    402,117     400,977     399,716     399,467    1,602,277
  2012    |    401,880     400,544     397,893     392,632    1,592,949
  2013    |    392,937     393,107     394,485     400,366    1,580,895
  2014    |    404,014     406,088     405,803     404,640    1,620,545
  2015    |    404,432     403,865     401,825     398,943    1,609,065
  2016    |    397,458     397,156     391,934     391,418    1,577,966
  2017    |    392,047     398,017     392,178     391,620    1,573,862
  2018    |    390,712     392,257     390,837     390,612    1,564,418
  2019    |    406,036     407,431     405,449     402,536    1,621,452
  2020    |    417,783                 296,874     356,790    1,071,447
  2021    |    350,728     381,319     428,160     434,826    1,595,033
  2022    |    403,652     405,959     398,591     396,629    1,604,831
  2023    |    450,263     431,149     429,077     419,983    1,730,472
  2024    |    423,866     427,123     423,118     422,408    1,696,515
  2025    |    423,302     423,744     422,306     419,038    1,688,390
  2026    |    417,437     417,128                              834,565
  Total   |  8,983,801   8,591,064   8,460,300   8,489,286   34,524,451
-----------------------------------------------------------------------
. 
. * ¿Hay registros de 2020-II (periodo de la ETOE)? Debe ser 0.
. count if anio_enoe == 2020 & trimestre_enoe == 2
  0
. if r(N) > 0 {
.     di as err "ATENCIÓN: existen `r(N)' registros de 2020-II (ETOE)."
. }
. 
. * ¿El factor de expansión trimestral (fac) está disponible en todos los
. *  trimestres? En la ENOE-N (2020-III a 2022-IV) INEGI lo llama fac_tri;
. *  si faltara aquí, lo veremos como missing.
. gen byte fac_miss = missing(fac)
. table anio_enoe, statistic(mean fac_miss) statistic(min fac) ///
>       statistic(max fac) nformat(%9.3f mean) nformat(%12.0fc min max)

-----------------------------------------------------------------
          |      Mean         Minimum value         Maximum value
          |  fac_miss   Factor de expansión   Factor de expansión
----------+------------------------------------------------------
anio_enoe |                                                      
  2005    |     0.000                     0                 4,991
  2006    |     0.000                     0                 7,705
  2007    |     0.000                     0                 9,791
  2008    |     0.000                     0                 8,289
  2009    |     0.000                     0                10,171
  2010    |     0.000                     0                 6,038
  2011    |     0.000                     0                 6,593
  2012    |     0.000                     0                 7,767
  2013    |     0.000                     0                 6,960
  2014    |     0.000                     0                10,318
  2015    |     0.000                     0                 8,415
  2016    |     0.000                     0                13,068
  2017    |     0.000                     0                14,154
  2018    |     0.000                     0                15,381
  2019    |     0.000                     0                21,408
  2020    |     0.000                     0                45,528
  2021    |     0.000                     0                44,642
  2022    |     0.000                     0                20,679
  2023    |     0.000                     0                15,811
  2024    |     0.000                     0                20,131
  2025    |     0.000                     0                17,071
  2026    |     0.000                     0                 8,200
  Total   |     0.000                     0                45,528
-----------------------------------------------------------------
. 
. * Resultado de la entrevista y condición de residencia
. *  (filtros estándar de INEGI: r_def==0 entrevista completa;
. *   c_res 1 o 3 = residente habitual / nuevo residente)
. tab r_def, missing

 Resultado definitivo |
      de la entevista |      Freq.     Percent        Cum.
----------------------+-----------------------------------
  Entrevista completa | 34,505,452       99.94       99.94
Entrevista suspendida |     18,974        0.05      100.00
                    . |         25        0.00      100.00
----------------------+-----------------------------------
                Total | 34,524,451      100.00
. tab c_res, missing

      Condición de |
        residencia |      Freq.     Percent        Cum.
-------------------+-----------------------------------
Residente habitual | 33,347,237       96.59       96.59
Ausente definitivo |    660,728        1.91       98.50
   Nuevo residente |    516,461        1.50      100.00
                 . |         25        0.00      100.00
-------------------+-----------------------------------
             Total | 34,524,451      100.00
. }   // fin de 1.1.b

. 
. 
. /*===========================================================================
> ===
>   INCISO 1.2 — ENIGH: ingreso laboral por persona (collapse -> merge -> appen
> d)
>   Para cada año:
>     (1) Tabla de ingresos: nos quedamos con las claves de ingreso por trabajo
>         (remuneraciones + negocios propios + cooperativas, según la
>         clasificación del INEGI/CONEVAL de cada levantamiento).
>     (2) collapse: sumamos todas las claves laborales de cada persona.
>     (3) merge 1:1 con la tabla de población (todas las personas del hogar).
>     (4) Guardamos un archivo por año y al final los unimos con append.
> =============================================================================
> =*/
. if $corre_1_2 {
. capture mkdir "$data/construidas/enigh"
. 
. *----------------------------------------------------------------------------
> --
. * 1.2.a Claves de ingreso laboral por año (validadas contra el concentrado IN
> EGI)
. *----------------------------------------------------------------------------
> --
. global lab1992 `"inrange(clave,"P001","P011") | clave=="P013""'
. foreach y in 1994 1996 {
  2.     global lab`y' `"inrange(clave,"P001","P015")"'
  3. }
. foreach y in 1998 2000 {
  2.     global lab`y' `"inrange(clave,"P001","P019")"'
  3. }
. global lab2002 `"inrange(clave,"P001","P020") | inlist(clave,"P022","P023")"'
. foreach y in 2004 2005 2006 {
  2.     global lab`y' `"inrange(clave,"P001","P027") | inrange(clave,"P029","P
> 038")"'
  3. }
. foreach y in 2008 2010 2012 2014 2016 2018 2020 2022 2024 {
  2.     global lab`y' `"inrange(clave,"P001","P009") | inrange(clave,"P011","P
> 016") | inrange(clave,"P018","P022") | inrange(clave,"P067","P081")"'
  3. }
. 
. *----------------------------------------------------------------------------
> --
. * 1.2.b Ciclo por año: ingresos -> collapse -> merge con población
. *----------------------------------------------------------------------------
> --
. foreach y of global enigh_years {
  2. 
.     di _n as res "================  ENIGH `y'  ================"
  3. 
.     * --- (1) Tabla de INGRESOS -------------------------------------------
.     if strpos("${ing`y'}", ".dbf") {
  4.         import dbase using "$enigh/`y'/${ing`y'}", clear case(lower)
  5.     }
  6.     else {
  7.         use "$enigh/`y'/${ing`y'}", clear
  8.         rename *, lower
  9.     }
 10. 
.     * Identificador del hogar homogéneo (folio) y de la persona (numren)
.     capture confirm variable folioviv
 11.     if _rc == 0 {
 12.         capture tostring folioviv foliohog, replace format(%15.0f)
 13.         gen str30 folio = folioviv + "_" + foliohog
 14.     }
 15.     else {
 16.         capture tostring folio, replace format(%15.0f)
 17.     }
 18.     capture rename num_ren numren
 19.     destring numren, replace
 20. 
.     * Ingreso del mes pasado: su nombre cambia entre años
.     capture rename ing_mp ing_1                 // 1992
 21.     capture rename ing1   ing_1                 // 1994 y 1996
 22.     destring ing_1 ing_tri, replace
 23. 
.     * Solo claves de ingreso por trabajo
.     replace clave = upper(trim(clave))
 24.     keep if ${lab`y'}
 25. 
.     * 2008-2024: utilidades (P008, P015) y aguinaldo (P009, P016) se captan
.     * como un monto anual en ing_1; no corresponden al mes pasado.
.     if `y' >= 2008 {
 26.         replace ing_1 = 0 if inlist(clave, "P008", "P009", "P015", "P016")
 27.     }
 28. 
.     * 1992: montos en "viejos pesos" -> nuevos pesos (1 N$ = 1,000 $)
.     if `y' == 1992 {
 29.         replace ing_1   = ing_1   / 1000
 30.         replace ing_tri = ing_tri / 1000
 31.     }
 32. 
.     * --- (2) collapse: un renglón por persona ------------------------------
.     collapse (sum) ing_lab_mp = ing_1 ing_lab_tri = ing_tri ///
>              (count) n_lab = ing_tri, by(folio numren)
 33.     tempfile ing`y'
 34.     save `ing`y''
 35. 
.     * --- (3) Tabla de POBLACIÓN y merge ------------------------------------
> -
.     if strpos("${pob`y'}", ".dbf") {
 36.         import dbase using "$enigh/`y'/${pob`y'}", clear case(lower)
 37.     }
 38.     else {
 39.         use "$enigh/`y'/${pob`y'}", clear
 40.         rename *, lower
 41.     }
 42.     capture confirm variable folioviv
 43.     if _rc == 0 {
 44.         capture tostring folioviv foliohog, replace format(%15.0f)
 45.         gen str30 folio = folioviv + "_" + foliohog
 46.     }
 47.     else {
 48.         capture tostring folio, replace format(%15.0f)
 49.     }
 50.     capture rename num_ren numren
 51.     destring numren, replace
 52.     isid folio numren                           // una fila por persona
 53. 
.     merge 1:1 folio numren using `ing`y''
 54.     tab _merge
 55.     count if _merge == 2
 56.     if r(N) > 0 di as err "ATENCIÓN `y': `r(N)' personas con ingreso sin r
> egistro en población"
 57.     drop if _merge == 2
 58. 
.     gen byte con_ing_lab = (_merge == 3)        // 1 = reportó alguna clave l
> aboral
 59.     drop _merge
 60.     foreach v in ing_lab_mp ing_lab_tri n_lab {
 61.         replace `v' = 0 if con_ing_lab == 0
 62.     }
 63. 
.     * --- (4) Año y guardado ------------------------------------------------
> --
.     gen int year = `y'
 64.     compress
 65.     save "$data/construidas/enigh/enigh_pob_ing_`y'.dta", replace
 66. }

================  ENIGH 1992  ================
(12 vars, 36,698 obs)
numren: all characters numeric; replaced as byte
(9337 missing values generated)
ing_1 already numeric; no replace
ing_tri already numeric; no replace
(0 real changes made)
(15,341 observations deleted)
variable ing_1 was long now double
(19,158 real changes made)
variable ing_tri was long now double
(21,357 real changes made)
file C:\Users\LCASTI~1\AppData\Local\Temp\ST_2c70_000001.tmp saved as .dta
    format
(32 vars, 50,862 obs)
numren: all characters numeric; replaced as byte

    Result                      Number of obs
    -----------------------------------------
    Not matched                        35,089
        from master                    35,089  (_merge==1)
        from using                          0  (_merge==2)

    Matched                            15,773  (_merge==3)
    -----------------------------------------

   Matching result from |
                  merge |      Freq.     Percent        Cum.
------------------------+-----------------------------------
        Master only (1) |     35,089       68.99       68.99
            Matched (3) |     15,773       31.01      100.00
------------------------+-----------------------------------
                  Total |     50,862      100.00
  0
(0 observations deleted)
(35,089 real changes made)
(35,089 real changes made)
(35,089 real changes made)
  variable n_lab was long now byte
  (152,586 bytes saved)
file C:/Users/lcastillo/Music/TAREA
    2/data/construidas/enigh/enigh_pob_ing_1992.dta saved

================  ENIGH 1994  ================
(12 vars, 34,374 obs)
numren: all characters numeric; replaced as byte
ing_1 already numeric; no replace
ing_tri already numeric; no replace
(0 real changes made)
(9,238 observations deleted)
file C:\Users\LCASTI~1\AppData\Local\Temp\ST_2c70_000002.tmp saved as .dta
    format
(37 vars, 60,353 obs)
numren: all characters numeric; replaced as byte

    Result                      Number of obs
    -----------------------------------------
    Not matched                        40,562
        from master                    40,562  (_merge==1)
        from using                          0  (_merge==2)

    Matched                            19,791  (_merge==3)
    -----------------------------------------

   Matching result from |
                  merge |      Freq.     Percent        Cum.
------------------------+-----------------------------------
        Master only (1) |     40,562       67.21       67.21
            Matched (3) |     19,791       32.79      100.00
------------------------+-----------------------------------
                  Total |     60,353      100.00
  0
(0 observations deleted)
(40,562 real changes made)
(40,562 real changes made)
(40,562 real changes made)
  variable n_lab was long now byte
  (181,059 bytes saved)
file C:/Users/lcastillo/Music/TAREA
    2/data/construidas/enigh/enigh_pob_ing_1994.dta saved

================  ENIGH 1996  ================
(12 vars, 38,671 obs)
numren: all characters numeric; replaced as byte
ing_1 already numeric; no replace
ing_tri already numeric; no replace
(0 real changes made)
(10,293 observations deleted)
file C:\Users\LCASTI~1\AppData\Local\Temp\ST_2c70_000003.tmp saved as .dta
    format
(41 vars, 64,916 obs)
numren: all characters numeric; replaced as byte

    Result                      Number of obs
    -----------------------------------------
    Not matched                        43,003
        from master                    43,003  (_merge==1)
        from using                          0  (_merge==2)

    Matched                            21,913  (_merge==3)
    -----------------------------------------

   Matching result from |
                  merge |      Freq.     Percent        Cum.
------------------------+-----------------------------------
        Master only (1) |     43,003       66.24       66.24
            Matched (3) |     21,913       33.76      100.00
------------------------+-----------------------------------
                  Total |     64,916      100.00
  0
(0 observations deleted)
(43,003 real changes made)
(43,003 real changes made)
(43,003 real changes made)
  variable n_lab was long now byte
  (194,748 bytes saved)
file C:/Users/lcastillo/Music/TAREA
    2/data/construidas/enigh/enigh_pob_ing_1996.dta saved

================  ENIGH 1998  ================
(12 vars, 36,712 obs)
numren: all characters numeric; replaced as byte
ing_1 already numeric; no replace
ing_tri already numeric; no replace
(0 real changes made)
(11,857 observations deleted)
file C:\Users\LCASTI~1\AppData\Local\Temp\ST_2c70_000004.tmp saved as .dta
    format
(51 vars, 48,110 obs)
numren: all characters numeric; replaced as byte

    Result                      Number of obs
    -----------------------------------------
    Not matched                        31,179
        from master                    31,179  (_merge==1)
        from using                          0  (_merge==2)

    Matched                            16,931  (_merge==3)
    -----------------------------------------

   Matching result from |
                  merge |      Freq.     Percent        Cum.
------------------------+-----------------------------------
        Master only (1) |     31,179       64.81       64.81
            Matched (3) |     16,931       35.19      100.00
------------------------+-----------------------------------
                  Total |     48,110      100.00
  0
(0 observations deleted)
(31,179 real changes made)
(31,179 real changes made)
(31,179 real changes made)
  variable n_lab was long now byte
  (144,330 bytes saved)
file C:/Users/lcastillo/Music/TAREA
    2/data/construidas/enigh/enigh_pob_ing_1998.dta saved

================  ENIGH 2000  ================
(14 vars, 34,229 obs)
numren: all characters numeric; replaced as byte
ing_1 already numeric; no replace
ing_tri already numeric; no replace
(0 real changes made)
(11,699 observations deleted)
file C:\Users\LCASTI~1\AppData\Local\Temp\ST_2c70_000005.tmp saved as .dta
    format
(45 vars, 42,535 obs)
numren: all characters numeric; replaced as byte

    Result                      Number of obs
    -----------------------------------------
    Not matched                        27,045
        from master                    27,045  (_merge==1)
        from using                          0  (_merge==2)

    Matched                            15,490  (_merge==3)
    -----------------------------------------

   Matching result from |
                  merge |      Freq.     Percent        Cum.
------------------------+-----------------------------------
        Master only (1) |     27,045       63.58       63.58
            Matched (3) |     15,490       36.42      100.00
------------------------+-----------------------------------
                  Total |     42,535      100.00
  0
(0 observations deleted)
(27,045 real changes made)
(27,045 real changes made)
(27,045 real changes made)
  variable n_lab was long now byte
  (127,605 bytes saved)
file C:/Users/lcastillo/Music/TAREA
    2/data/construidas/enigh/enigh_pob_ing_2000.dta saved

================  ENIGH 2002  ================
(14 vars, 56,980 obs)
numren: all characters numeric; replaced as byte
ing_1 already numeric; no replace
ing_tri already numeric; no replace
(0 real changes made)
(19,979 observations deleted)
file C:\Users\LCASTI~1\AppData\Local\Temp\ST_2c70_000006.tmp saved as .dta
    format
(76 vars, 72,602 obs)
numren: all characters numeric; replaced as byte

    Result                      Number of obs
    -----------------------------------------
    Not matched                        45,731
        from master                    45,731  (_merge==1)
        from using                          0  (_merge==2)

    Matched                            26,871  (_merge==3)
    -----------------------------------------

   Matching result from |
                  merge |      Freq.     Percent        Cum.
------------------------+-----------------------------------
        Master only (1) |     45,731       62.99       62.99
            Matched (3) |     26,871       37.01      100.00
------------------------+-----------------------------------
                  Total |     72,602      100.00
  0
(0 observations deleted)
(45,731 real changes made)
(45,731 real changes made)
(45,731 real changes made)
  variable n_lab was long now byte
  variable ing_lab_mp was double now long
  (508,214 bytes saved)
file C:/Users/lcastillo/Music/TAREA
    2/data/construidas/enigh/enigh_pob_ing_2002.dta saved

================  ENIGH 2004  ================
(13 vars, 75,340 obs)
numren: all characters numeric; replaced as byte
ing_1 already numeric; no replace
ing_tri already numeric; no replace
(0 real changes made)
(25,395 observations deleted)
file C:\Users\LCASTI~1\AppData\Local\Temp\ST_2c70_000007.tmp saved as .dta
    format
(79 vars, 91,738 obs)
numren: all characters numeric; replaced as byte

    Result                      Number of obs
    -----------------------------------------
    Not matched                        55,829
        from master                    55,829  (_merge==1)
        from using                          0  (_merge==2)

    Matched                            35,909  (_merge==3)
    -----------------------------------------

   Matching result from |
                  merge |      Freq.     Percent        Cum.
------------------------+-----------------------------------
        Master only (1) |     55,829       60.86       60.86
            Matched (3) |     35,909       39.14      100.00
------------------------+-----------------------------------
                  Total |     91,738      100.00
  0
(0 observations deleted)
(55,829 real changes made)
(55,829 real changes made)
(55,829 real changes made)
  variable n_lab was long now byte
  variable ing_lab_mp was double now long
  (642,166 bytes saved)
file C:/Users/lcastillo/Music/TAREA
    2/data/construidas/enigh/enigh_pob_ing_2004.dta saved

================  ENIGH 2005  ================
(13 vars, 80,070 obs)
numren: all characters numeric; replaced as byte
ing_1 already numeric; no replace
ing_tri already numeric; no replace
(0 real changes made)
(29,979 observations deleted)
file C:\Users\LCASTI~1\AppData\Local\Temp\ST_2c70_000008.tmp saved as .dta
    format
(73 vars, 94,308 obs)
numren: all characters numeric; replaced as byte

    Result                      Number of obs
    -----------------------------------------
    Not matched                        57,435
        from master                    57,435  (_merge==1)
        from using                          0  (_merge==2)

    Matched                            36,873  (_merge==3)
    -----------------------------------------

   Matching result from |
                  merge |      Freq.     Percent        Cum.
------------------------+-----------------------------------
        Master only (1) |     57,435       60.90       60.90
            Matched (3) |     36,873       39.10      100.00
------------------------+-----------------------------------
                  Total |     94,308      100.00
  0
(0 observations deleted)
(57,435 real changes made)
(57,435 real changes made)
(57,435 real changes made)
  variable n_lab was long now byte
  variable ing_lab_mp was double now long
  (660,156 bytes saved)
file C:/Users/lcastillo/Music/TAREA
    2/data/construidas/enigh/enigh_pob_ing_2005.dta saved

================  ENIGH 2006  ================
  (all newnames==oldnames)
numren: all characters numeric; replaced as byte
ing_1 already numeric; no replace
ing_tri already numeric; no replace
(0 real changes made)
(31,127 observations deleted)
file C:\Users\LCASTI~1\AppData\Local\Temp\ST_2c70_000009.tmp saved as .dta
    format
  (all newnames==oldnames)
numren: all characters numeric; replaced as byte

    Result                      Number of obs
    -----------------------------------------
    Not matched                        49,480
        from master                    49,480  (_merge==1)
        from using                          0  (_merge==2)

    Matched                            34,144  (_merge==3)
    -----------------------------------------

   Matching result from |
                  merge |      Freq.     Percent        Cum.
------------------------+-----------------------------------
        Master only (1) |     49,480       59.17       59.17
            Matched (3) |     34,144       40.83      100.00
------------------------+-----------------------------------
                  Total |     83,624      100.00
  0
(0 observations deleted)
(49,480 real changes made)
(49,480 real changes made)
(49,480 real changes made)
  variable n_lab was long now byte
  variable edad was double now byte
  variable h_vivos was double now byte
  variable h_muertos was double now byte
  variable h_sobrev was double now byte
  variable no_trabajo was double now byte
  variable numper131 was double now byte
  variable numper2 was double now byte
  variable horas_trab was double now int
  variable ing_lab_mp was double now long
  (5,184,688 bytes saved)
file C:/Users/lcastillo/Music/TAREA
    2/data/construidas/enigh/enigh_pob_ing_2006.dta saved

================  ENIGH 2008  ================
  (all newnames==oldnames)
numren: all characters numeric; replaced as byte
ing_1 already numeric; no replace
ing_tri already numeric; no replace
(0 real changes made)
(39,710 observations deleted)
(23,504 real changes made)
file C:\Users\LCASTI~1\AppData\Local\Temp\ST_2c70_00000a.tmp saved as .dta
    format
  (all newnames==oldnames)
numren: all characters numeric; replaced as byte

    Result                      Number of obs
    -----------------------------------------
    Not matched                        68,719
        from master                    68,719  (_merge==1)
        from using                          0  (_merge==2)

    Matched                            50,208  (_merge==3)
    -----------------------------------------

   Matching result from |
                  merge |      Freq.     Percent        Cum.
------------------------+-----------------------------------
        Master only (1) |     68,719       57.78       57.78
            Matched (3) |     50,208       42.22      100.00
------------------------+-----------------------------------
                  Total |    118,927      100.00
  0
(0 observations deleted)
(68,719 real changes made)
(68,719 real changes made)
(68,719 real changes made)
  variable n_lab was long now byte
  variable ing_lab_mp was double now long
  variable folio was str30 now str8
  (3,448,883 bytes saved)
file C:/Users/lcastillo/Music/TAREA
    2/data/construidas/enigh/enigh_pob_ing_2008.dta saved

================  ENIGH 2010  ================
  (all newnames==oldnames)
numren: all characters numeric; replaced as byte
ing_1 already numeric; no replace
ing_tri already numeric; no replace
(0 real changes made)
(50,077 observations deleted)
(18,166 real changes made)
file C:\Users\LCASTI~1\AppData\Local\Temp\ST_2c70_00000b.tmp saved as .dta
    format
  (all newnames==oldnames)
numren: all characters numeric; replaced as byte

    Result                      Number of obs
    -----------------------------------------
    Not matched                        63,061
        from master                    63,061  (_merge==1)
        from using                          0  (_merge==2)

    Matched                            44,720  (_merge==3)
    -----------------------------------------

   Matching result from |
                  merge |      Freq.     Percent        Cum.
------------------------+-----------------------------------
        Master only (1) |     63,061       58.51       58.51
            Matched (3) |     44,720       41.49      100.00
------------------------+-----------------------------------
                  Total |    107,781      100.00
  0
(0 observations deleted)
(63,061 real changes made)
(63,061 real changes made)
(63,061 real changes made)
  variable n_lab was long now byte
  variable ing_lab_mp was double now long
  variable disc1 was str2 now str1
  variable folio was str30 now str8
  (3,233,430 bytes saved)
file C:/Users/lcastillo/Music/TAREA
    2/data/construidas/enigh/enigh_pob_ing_2010.dta saved

================  ENIGH 2012  ================
  (all newnames==oldnames)
numren: all characters numeric; replaced as byte
ing_1 already numeric; no replace
ing_tri already numeric; no replace
(0 real changes made)
(20,053 observations deleted)
(5,476 real changes made)
file C:\Users\LCASTI~1\AppData\Local\Temp\ST_2c70_00000c.tmp saved as .dta
    format
  (all newnames==oldnames)
numren: all characters numeric; replaced as byte

    Result                      Number of obs
    -----------------------------------------
    Not matched                        18,594
        from master                    18,594  (_merge==1)
        from using                          0  (_merge==2)

    Matched                            15,132  (_merge==3)
    -----------------------------------------

   Matching result from |
                  merge |      Freq.     Percent        Cum.
------------------------+-----------------------------------
        Master only (1) |     18,594       55.13       55.13
            Matched (3) |     15,132       44.87      100.00
------------------------+-----------------------------------
                  Total |     33,726      100.00
  0
(0 observations deleted)
(18,594 real changes made)
(18,594 real changes made)
(18,594 real changes made)
  variable n_lab was long now byte
  variable ing_lab_mp was double now long
  variable folio was str30 now str8
  (978,054 bytes saved)
file C:/Users/lcastillo/Music/TAREA
    2/data/construidas/enigh/enigh_pob_ing_2012.dta saved

================  ENIGH 2014  ================
  (all newnames==oldnames)
numren: all characters numeric; replaced as byte
ing_1 already numeric; no replace
ing_tri already numeric; no replace
(0 real changes made)
(30,629 observations deleted)
(13,826 real changes made)
file C:\Users\LCASTI~1\AppData\Local\Temp\ST_2c70_00000d.tmp saved as .dta
    format
  (all newnames==oldnames)
numren: all characters numeric; replaced as byte

    Result                      Number of obs
    -----------------------------------------
    Not matched                        40,502
        from master                    40,502  (_merge==1)
        from using                          0  (_merge==2)

    Matched                            33,090  (_merge==3)
    -----------------------------------------

   Matching result from |
                  merge |      Freq.     Percent        Cum.
------------------------+-----------------------------------
        Master only (1) |     40,502       55.04       55.04
            Matched (3) |     33,090       44.96      100.00
------------------------+-----------------------------------
                  Total |     73,592      100.00
  0
(0 observations deleted)
(40,502 real changes made)
(40,502 real changes made)
(40,502 real changes made)
  variable n_lab was long now byte
  variable edad was double now byte
  variable ss_aa was double now byte
  variable ss_mm was double now byte
  variable hor_1 was double now int
  variable min_1 was double now byte
  variable hor_2 was double now int
  variable min_2 was double now byte
  variable hor_3 was double now byte
  variable min_3 was double now byte
  variable hor_4 was double now byte
  variable min_4 was double now byte
  variable hor_5 was double now byte
  variable min_5 was double now byte
  variable hor_6 was double now byte
  variable min_6 was double now byte
  variable hor_7 was double now byte
  variable min_7 was double now byte
  variable hor_8 was double now byte
  variable min_8 was double now byte
  variable hh_lug was double now byte
  variable mm_lug was double now byte
  variable hh_esp was double now byte
  variable mm_esp was double now byte
  variable hijos_viv was double now byte
  variable hijos_mue was double now byte
  variable hijos_sob was double now byte
  variable ing_lab_mp was double now long
  variable norecib_10 was str2 now str1
  variable razon_2 was str2 now str1
  variable folio was str30 now str12
  (15,233,544 bytes saved)
file C:/Users/lcastillo/Music/TAREA
    2/data/construidas/enigh/enigh_pob_ing_2014.dta saved

================  ENIGH 2016  ================
  (all newnames==oldnames)
numren: all characters numeric; replaced as byte
ing_1 already numeric; no replace
ing_tri already numeric; no replace
(0 real changes made)
(113,176 observations deleted)
(51,689 real changes made)
file C:\Users\LCASTI~1\AppData\Local\Temp\ST_2c70_00000e.tmp saved as .dta
    format
  (all newnames==oldnames)
numren: all characters numeric; replaced as byte

    Result                      Number of obs
    -----------------------------------------
    Not matched                       136,882
        from master                   136,882  (_merge==1)
        from using                          0  (_merge==2)

    Matched                           120,923  (_merge==3)
    -----------------------------------------

   Matching result from |
                  merge |      Freq.     Percent        Cum.
------------------------+-----------------------------------
        Master only (1) |    136,882       53.10       53.10
            Matched (3) |    120,923       46.90      100.00
------------------------+-----------------------------------
                  Total |    257,805      100.00
  0
(0 observations deleted)
(136,882 real changes made)
(136,882 real changes made)
(136,882 real changes made)
  variable n_lab was long now byte
  variable edad was double now int
  variable ss_aa was double now byte
  variable ss_mm was double now byte
  variable hor_1 was double now int
  variable min_1 was double now byte
  variable hor_2 was double now int
  variable min_2 was double now byte
  variable hor_3 was double now byte
  variable min_3 was double now byte
  variable hor_4 was double now byte
  variable min_4 was double now byte
  variable hor_5 was double now byte
  variable min_5 was double now byte
  variable hor_6 was double now byte
  variable min_6 was double now byte
  variable hor_7 was double now byte
  variable min_7 was double now byte
  variable hor_8 was double now byte
  variable hh_lug was double now byte
  variable mm_lug was double now byte
  variable hh_esp was double now byte
  variable mm_esp was double now byte
  variable hijos_viv was double now byte
  variable hijos_mue was double now byte
  variable hijos_sob was double now byte
  variable ing_lab_mp was double now long
  variable folio was str30 now str12
  (50,787,585 bytes saved)
file C:/Users/lcastillo/Music/TAREA
    2/data/construidas/enigh/enigh_pob_ing_2016.dta saved

================  ENIGH 2018  ================
  (all newnames==oldnames)
numren: all characters numeric; replaced as byte
ing_1 already numeric; no replace
ing_tri already numeric; no replace
(0 real changes made)
(116,232 observations deleted)
(55,065 real changes made)
file C:\Users\LCASTI~1\AppData\Local\Temp\ST_2c70_00000f.tmp saved as .dta
    format
  (all newnames==oldnames)
numren: all characters numeric; replaced as byte

    Result                      Number of obs
    -----------------------------------------
    Not matched                       141,360
        from master                   141,360  (_merge==1)
        from using                          0  (_merge==2)

    Matched                           127,846  (_merge==3)
    -----------------------------------------

   Matching result from |
                  merge |      Freq.     Percent        Cum.
------------------------+-----------------------------------
        Master only (1) |    141,360       52.51       52.51
            Matched (3) |    127,846       47.49      100.00
------------------------+-----------------------------------
                  Total |    269,206      100.00
  0
(0 observations deleted)
(141,360 real changes made)
(141,360 real changes made)
(141,360 real changes made)
  variable n_lab was long now byte
  variable edad was double now int
  variable ss_aa was double now byte
  variable ss_mm was double now byte
  variable hor_1 was double now int
  variable min_1 was double now byte
  variable hor_2 was double now int
  variable min_2 was double now byte
  variable hor_3 was double now byte
  variable min_3 was double now byte
  variable hor_4 was double now byte
  variable min_4 was double now byte
  variable hor_5 was double now byte
  variable min_5 was double now byte
  variable hor_6 was double now byte
  variable min_6 was double now byte
  variable hor_7 was double now byte
  variable min_7 was double now byte
  variable hor_8 was double now byte
  variable hh_lug was double now byte
  variable mm_lug was double now byte
  variable hh_esp was double now byte
  variable mm_esp was double now byte
  variable hijos_viv was double now byte
  variable hijos_mue was double now byte
  variable hijos_sob was double now byte
  variable ing_lab_mp was double now long
  variable razon_2 was str2 now str1
  variable folio was str30 now str12
  (53,302,788 bytes saved)
file C:/Users/lcastillo/Music/TAREA
    2/data/construidas/enigh/enigh_pob_ing_2018.dta saved

================  ENIGH 2020  ================
  (all newnames==oldnames)
numren: all characters numeric; replaced as byte
ing_1 already numeric; no replace
ing_tri already numeric; no replace
(0 real changes made)
(128,820 observations deleted)
(66,025 real changes made)
file C:\Users\LCASTI~1\AppData\Local\Temp\ST_2c70_00000g.tmp saved as .dta
    format
  (all newnames==oldnames)
numren: all characters numeric; replaced as byte

    Result                      Number of obs
    -----------------------------------------
    Not matched                       167,661
        from master                   167,661  (_merge==1)
        from using                          0  (_merge==2)

    Matched                           148,082  (_merge==3)
    -----------------------------------------

   Matching result from |
                  merge |      Freq.     Percent        Cum.
------------------------+-----------------------------------
        Master only (1) |    167,661       53.10       53.10
            Matched (3) |    148,082       46.90      100.00
------------------------+-----------------------------------
                  Total |    315,743      100.00
  0
(0 observations deleted)
(167,661 real changes made)
(167,661 real changes made)
(167,661 real changes made)
  variable n_lab was long now byte
  variable edad was double now int
  variable ss_aa was double now byte
  variable ss_mm was double now byte
  variable hor_1 was double now int
  variable min_1 was double now byte
  variable hor_2 was double now int
  variable min_2 was double now byte
  variable hor_3 was double now byte
  variable min_3 was double now byte
  variable hor_4 was double now byte
  variable min_4 was double now byte
  variable hor_5 was double now byte
  variable min_5 was double now byte
  variable hor_6 was double now byte
  variable min_6 was double now byte
  variable hor_7 was double now byte
  variable min_7 was double now byte
  variable hor_8 was double now byte
  variable hh_lug was double now byte
  variable mm_lug was double now byte
  variable hh_esp was double now byte
  variable mm_esp was double now byte
  variable hijos_viv was double now byte
  variable hijos_mue was double now byte
  variable hijos_sob was double now byte
  variable ing_lab_mp was double now long
  variable folio was str30 now str12
  (62,201,371 bytes saved)
file C:/Users/lcastillo/Music/TAREA
    2/data/construidas/enigh/enigh_pob_ing_2020.dta saved

================  ENIGH 2022  ================
  (all newnames==oldnames)
numren: all characters numeric; replaced as byte
ing_1 already numeric; no replace
ing_tri already numeric; no replace
(0 real changes made)
(122,538 observations deleted)
(69,920 real changes made)
file C:\Users\LCASTI~1\AppData\Local\Temp\ST_2c70_00000h.tmp saved as .dta
    format
  (all newnames==oldnames)
numren: all characters numeric; replaced as byte

    Result                      Number of obs
    -----------------------------------------
    Not matched                       160,115
        from master                   160,115  (_merge==1)
        from using                          0  (_merge==2)

    Matched                           149,569  (_merge==3)
    -----------------------------------------

   Matching result from |
                  merge |      Freq.     Percent        Cum.
------------------------+-----------------------------------
        Master only (1) |    160,115       51.70       51.70
            Matched (3) |    149,569       48.30      100.00
------------------------+-----------------------------------
                  Total |    309,684      100.00
  0
(0 observations deleted)
(160,115 real changes made)
(160,115 real changes made)
(160,115 real changes made)
  variable n_lab was long now byte
  variable edad was double now int
  variable ss_aa was double now byte
  variable ss_mm was double now byte
  variable hor_1 was double now int
  variable min_1 was double now byte
  variable hor_2 was double now int
  variable min_2 was double now byte
  variable hor_3 was double now byte
  variable min_3 was double now byte
  variable hor_4 was double now byte
  variable min_4 was double now byte
  variable hor_5 was double now byte
  variable min_5 was double now byte
  variable hor_6 was double now byte
  variable min_6 was double now byte
  variable hor_7 was double now byte
  variable min_7 was double now byte
  variable hor_8 was double now byte
  variable min_8 was double now byte
  variable hh_lug was double now byte
  variable mm_lug was double now byte
  variable hh_esp was double now byte
  variable mm_esp was double now byte
  variable hijos_viv was double now byte
  variable hijos_mue was double now byte
  variable hijos_sob was double now byte
  variable factor was double now int
  variable ing_lab_mp was double now long
  variable folio was str30 now str12
  (65,033,640 bytes saved)
file C:/Users/lcastillo/Music/TAREA
    2/data/construidas/enigh/enigh_pob_ing_2022.dta saved

================  ENIGH 2024  ================
  (all newnames==oldnames)
numren: all characters numeric; replaced as byte
ing_1 already numeric; no replace
ing_tri already numeric; no replace
(0 real changes made)
(117,533 observations deleted)
(72,495 real changes made)
file C:\Users\LCASTI~1\AppData\Local\Temp\ST_2c70_00000i.tmp saved as .dta
    format
  (all newnames==oldnames)
numren: all characters numeric; replaced as byte

    Result                      Number of obs
    -----------------------------------------
    Not matched                       159,633
        from master                   159,633  (_merge==1)
        from using                          0  (_merge==2)

    Matched                           148,965  (_merge==3)
    -----------------------------------------

   Matching result from |
                  merge |      Freq.     Percent        Cum.
------------------------+-----------------------------------
        Master only (1) |    159,633       51.73       51.73
            Matched (3) |    148,965       48.27      100.00
------------------------+-----------------------------------
                  Total |    308,598      100.00
  0
(0 observations deleted)
(159,633 real changes made)
(159,633 real changes made)
(159,633 real changes made)
  variable n_lab was long now byte
  variable edad was double now int
  variable ss_aa was double now byte
  variable ss_mm was double now byte
  variable hor_1 was double now int
  variable min_1 was double now byte
  variable hor_2 was double now int
  variable min_2 was double now byte
  variable hor_3 was double now byte
  variable min_3 was double now byte
  variable hor_4 was double now byte
  variable min_4 was double now byte
  variable hor_5 was double now byte
  variable min_5 was double now byte
  variable hor_6 was double now byte
  variable min_6 was double now byte
  variable hor_7 was double now byte
  variable min_7 was double now byte
  variable hor_8 was double now byte
  variable min_8 was double now byte
  variable hh_lug was double now byte
  variable mm_lug was double now byte
  variable hh_esp was double now byte
  variable mm_esp was double now byte
  variable hijos_viv was double now byte
  variable hijos_mue was double now byte
  variable hijos_sob was double now byte
  variable factor was double now int
  variable ing_lab_mp was double now long
  variable folio was str30 now str12
  (64,805,580 bytes saved)
file C:/Users/lcastillo/Music/TAREA
    2/data/construidas/enigh/enigh_pob_ing_2024.dta saved
. 
. *----------------------------------------------------------------------------
> --
. * 1.2.c append: una sola base con todos los años
. *----------------------------------------------------------------------------
> --
. clear
. foreach y of global enigh_years {
  2.     append using "$data/construidas/enigh/enigh_pob_ing_`y'.dta", ///
>         keep(year folio numren ing_lab_mp ing_lab_tri n_lab con_ing_lab)
  3. }
(variable folio was str11, now str12 to accommodate using data's values)
. order year folio numren
. label var year        "Año de la ENIGH"
. label var folio       "Folio del hogar (armonizado)"
. label var numren      "Número de renglón de la persona"
. label var ing_lab_mp  "Ingreso laboral del mes pasado (pesos corrientes)"
. label var ing_lab_tri "Ingreso laboral trimestral normalizado (INEGI, pesos c
> orrientes)"
. label var n_lab       "Número de claves de ingreso laboral"
. label var con_ing_lab "Reporta alguna clave de ingreso laboral (1=sí)"
. compress
  (0 bytes saved)
. save "$data/construidas/enigh_ing_lab_1992_2024.dta", replace
file C:/Users/lcastillo/Music/TAREA
    2/data/construidas/enigh_ing_lab_1992_2024.dta saved
. 
. * Verificación por año: personas, % con ingreso laboral y promedios (nominale
> s)
. table year, statistic(frequency) statistic(mean con_ing_lab) nformat(%12.0fc 
> frequency) nformat(%5.3f mean)

------------------------------------
                |  Frequency    Mean
----------------+-------------------
Año de la ENIGH |                   
  1992          |     50,862   0.310
  1994          |     60,353   0.328
  1996          |     64,916   0.338
  1998          |     48,110   0.352
  2000          |     42,535   0.364
  2002          |     72,602   0.370
  2004          |     91,738   0.391
  2005          |     94,308   0.391
  2006          |     83,624   0.408
  2008          |    118,927   0.422
  2010          |    107,781   0.415
  2012          |     33,726   0.449
  2014          |     73,592   0.450
  2016          |    257,805   0.469
  2018          |    269,206   0.475
  2020          |    315,743   0.469
  2022          |    309,684   0.483
  2024          |    308,598   0.483
  Total         |  2,404,110   0.442
------------------------------------
. table year if con_ing_lab == 1, statistic(mean ing_lab_mp ing_lab_tri) nforma
> t(%12.1fc)

---------------------------------------------------------------------------------------------------------------------------------------
                |  Ingreso laboral del mes pasado (pesos corrientes)   Ingreso laboral trimestral normalizado (INEGI, pesos corrientes)
----------------+----------------------------------------------------------------------------------------------------------------------
Año de la ENIGH |                                                                                                                      
  1992          |                                              889.2                                                            2,602.7
  1994          |                                            1,051.3                                                            3,075.6
  1996          |                                            1,430.6                                                            4,201.2
  1998          |                                            2,178.0                                                            6,429.1
  2000          |                                            3,003.8                                                            9,037.1
  2002          |                                            3,305.4                                                            9,828.9
  2004          |                                            4,289.9                                                           12,744.6
  2005          |                                            4,210.9                                                           12,537.5
  2006          |                                            4,289.5                                                           12,867.6
  2008          |                                            5,086.7                                                           15,689.1
  2010          |                                            4,621.9                                                           14,058.5
  2012          |                                            4,552.7                                                           13,318.2
  2014          |                                            5,186.5                                                           15,196.8
  2016          |                                            5,830.7                                                           17,053.7
  2018          |                                            6,416.0                                                           18,721.7
  2020          |                                            6,765.0                                                           19,150.2
  2022          |                                            8,611.5                                                           25,271.4
  2024          |                                           10,109.0                                                           29,959.8
  Total         |                                            6,324.2                                                           18,565.9
---------------------------------------------------------------------------------------------------------------------------------------
. }   // fin de 1.2

. 
. 
. /*===========================================================================
> ===
>   INCISO 1.3 — Variables de interés, pesos reales y muestra de 25 a 65 años
>   Variables: edad, escolaridad (años y nivel terminado), ingreso del mes
>   pasado, ingreso trimestral normalizado (solo ENIGH), horas trabajadas,
>   sexo y rural. Ingresos en pesos reales de ENERO DE 2026:
>      ENIGH: INPC de agosto del año de levantamiento (convención INEGI/CONEVAL
> )
>      ENOE : INPC promedio de los tres meses del trimestre
> =============================================================================
> =*/
. 
. *----------------------------------------------------------------------------
> --
. * 1.3.a Deflactores (INPC, base 2a quincena de julio 2018 = 100)
. *----------------------------------------------------------------------------
> --
. use "$data/INPC/inpc_mensual_1990_2026.dta", clear
(INPC mensual INEGI, base 2QJul2018=100, 1990m1-2026m8)

. summarize inpc if anio == 2026 & mes == 1, meanonly

. scalar inpc_ene26 = r(mean)

. di "INPC enero 2026 = " inpc_ene26
INPC enero 2026 = 143.588

. 
. preserve

.     keep if mes == 8                                  // ENIGH: agosto de cad
> a año
(403 observations deleted)

.     rename (anio inpc) (year inpc_ago)

.     keep year inpc_ago

.     tempfile inpc_enigh

.     save `inpc_enigh'
file C:\Users\LCASTI~1\AppData\Local\Temp\ST_2c70_00000k.tmp saved as .dta
    format

. restore

. gen byte trimestre = ceil(mes/3)                      // ENOE: promedio trime
> stral

. collapse (mean) inpc_trim = inpc, by(anio trimestre)

. tempfile inpc_enoe

. save `inpc_enoe'
file C:\Users\LCASTI~1\AppData\Local\Temp\ST_2c70_00000l.tmp saved as .dta
    format

. 
. *----------------------------------------------------------------------------
> --
. * 1.3.b ENIGH: nombres de las tablas de hogares (concentrado) y trabajos
. *----------------------------------------------------------------------------
> --
. foreach y in 1992 1994 1996 1998 2000 2002 2004 2005 {
  2.     global con`y' "concen.dbf"
  3. }

. global con2006 "concen.dta"

. global con2008 "NCV_Concentrado_2008_concil_2010.dta"

. global con2010 "NCV_Concentrado_2010_concil_2010.dta"

. global con2012 "NCV_concentrado_2012_concil_2010.dta"

. global con2014 "NCV_concentrado_2014_concil_2010.dta"

. global tra2008 "NCV_Trabajos_2008_concil_2010.dta"

. global tra2010 "NCV_Trabajos_2010_concil_2010.dta"

. global tra2012 "ncv_trabajos_2012_concil_2010.dta"

. global tra2014 "ncv_trabajos_2014_concil_2010.dta"

. foreach y in 2016 2018 2020 2022 2024 {
  2.     global con`y' "concentradohogar.dta"
  3.     global tra`y' "trabajos.dta"
  4. }

. 
. *----------------------------------------------------------------------------
> --
. * 1.3.c ENIGH: variables armonizadas por año
. *----------------------------------------------------------------------------
> --
. if $corre_1_3 {
. foreach y of global enigh_years {
  2. 
.     di _n as res "================  ENIGH `y' (1.3)  ================"
  3. 
.     * --- Hogar: factor de expansión y tamaño de localidad ------------------
> -
.     if strpos("${con`y'}", ".dbf") {
  4.         import dbase using "$enigh/`y'/${con`y'}", clear case(lower)
  5.     }
  6.     else {
  7.         use "$enigh/`y'/${con`y'}", clear
  8.         rename *, lower
  9.     }
 10.     capture confirm variable folioviv
 11.     if _rc == 0 {
 12.         capture tostring folioviv foliohog, replace format(%15.0f)
 13.         gen str30 folio = folioviv + "_" + foliohog
 14.     }
 15.     else {
 16.         capture tostring folio, replace format(%15.0f)
 17.     }
 18.     capture rename hog        factor                  // 1992-2006
 19.     capture rename factor_hog factor                  // 2012-2014
 20.     capture rename estrato    tam_loc                 // 1992-2008: estrat
> o; 2010+: tam_loc
 21.     destring factor tam_loc, replace
 22.     gen byte rural = (tam_loc == 4)                   // localidades de me
> nos de 2,500 hab.
 23.     keep folio factor rural
 24.     tempfile hog
 25.     save `hog'
 26. 
.     * --- Horas trabajadas 2008+: tabla de trabajos (suma de todos los empleo
> s)
.     if `y' >= 2008 {
 27.         use "$enigh/`y'/${tra`y'}", clear
 28.         rename *, lower
 29.         capture tostring folioviv foliohog, replace format(%15.0f)
 30.         gen str30 folio = folioviv + "_" + foliohog
 31.         destring numren htrab, replace
 32.         collapse (sum) horas = htrab, by(folio numren)
 33.         tempfile hrs
 34.         save `hrs'
 35.     }
 36. 
.     * --- Personas (archivo del inciso 1.2) ---------------------------------
> --
.     use "$data/construidas/enigh/enigh_pob_ing_`y'.dta", clear
 37.     destring sexo edad, replace
 38. 
.     * Años de escolaridad según el esquema de cada levantamiento
.     if inlist(`y', 1992, 1994) {                      // nivel terminado (0-9
> )
 39.         destring ed_formal, replace
 40.         recode ed_formal (0=0) (1=3) (2=6) (3=7) (4=9) (5=10) (6=12) ///
>                          (7=14) (8=16) (9=18) (else=.), gen(educ_anios)
 41.     }
 42.     else if inlist(`y', 1996, 1998, 2000) {           // último grado apro
> bado (00-16)
 43.         destring ed_formal, replace
 44.         recode ed_formal (0 1=0) (2=1) (3=2) (4=3) (5=4) (6=5) (7=6) (8=7)
>  ///
>                          (9=8) (10=9) (11=10) (12=12) (13=14) (14=16) (15=18)
>  ///
>                          (16=8) (else=.), gen(educ_anios)
 45.     }
 46.     else if `y' == 2002 {                             // grado o semestre 
> aprobado (00-33)
 47.         destring ed_formal, replace
 48.         recode ed_formal (0/2=0) (3=1) (4=2) (5=3) (6=4) (7=5) (8=6) (9=7)
>  ///
>                          (10=8) (11 12=9) (13 14 17=10) (15 16=11) (18 19=12)
>  ///
>                          (20 21=13) (22 23=13) (24 25 30=14) (26 27=15) ///
>                          (28 29=16) (31=17) (32=18) (33=20) (else=.), gen(edu
> c_anios)
 49.     }
 50.     else {                                            // 2004+: nivel + gr
> ado + antecedente
 51.         capture rename n_instr161 niv
 52.         capture rename n_instr141 niv
 53.         capture rename nivelaprob niv
 54.         capture rename n_instr162 gra
 55.         capture rename n_instr142 gra
 56.         capture rename gradoaprob gra
 57.         destring niv gra antec_esc, replace
 58.         gen educ_anios = .
 59.         replace educ_anios = 0          if inlist(niv, 0, 1)      // ningu
> no / preescolar
 60.         replace educ_anios = gra        if niv == 2               // prima
> ria
 61.         replace educ_anios = 6  + gra   if niv == 3               // secun
> daria
 62.         replace educ_anios = 9  + gra   if niv == 4               // prepa
> ratoria
 63.         replace educ_anios = 6  + gra   if inlist(niv, 5, 6) & antec_esc =
> = 1   // normal/técnica
 64.         replace educ_anios = 9  + gra   if inlist(niv, 5, 6) & (antec_esc 
> == 2 | missing(antec_esc))
 65.         replace educ_anios = 12 + gra   if inlist(niv, 5, 6) & antec_esc >
> = 3 & !missing(antec_esc)
 66.         replace educ_anios = 12 + gra   if niv == 7               // profe
> sional
 67.         replace educ_anios = 16 + gra   if niv == 8               // maest
> ría
 68.         replace educ_anios = 18 + gra   if niv == 9               // docto
> rado
 69.         replace educ_anios = 24 if educ_anios > 24 & !missing(educ_anios)
 70.     }
 71. 
.     * Horas trabajadas a la semana (todos los trabajos)
.     if `y' <= 2002 {
 72.         capture rename hr_semana  hrs_sem             // 1992
 73.         capture rename hr_sem_sec hrs_sec
 74.         destring hrs_sem hrs_sec, replace
 75.         egen horas = rowtotal(hrs_sem hrs_sec)
 76.     }
 77.     else if `y' <= 2006 {
 78.         capture rename horastrab horas_trab           // 2004
 79.         destring horas_trab, replace
 80.         gen horas = horas_trab
 81.         replace horas = 0 if missing(horas)           // vacío = no trabaj
> ó (en 2004 viene vacío)
 82.     }
 83.     else {
 84.         merge 1:1 folio numren using `hrs', keep(master match) nogenerate
 85.         replace horas = 0 if missing(horas)           // sin registro en t
> rabajos = no trabajó
 86.     }
 87. 
.     * Hogar: factor y rural
.     merge m:1 folio using `hog', keep(master match) nogenerate
 88. 
.     keep year folio numren sexo edad educ_anios horas rural factor ///
>          ing_lab_mp ing_lab_tri con_ing_lab
 89.     tempfile p`y'
 90.     save `p`y''
 91. }

================  ENIGH 1992 (1.3)  ================
(50 vars, 10,530 obs)
factor already numeric; no replace
tam_loc: all characters numeric; replaced as byte
file C:\Users\LCASTI~1\AppData\Local\Temp\ST_2c70_00000m.tmp saved as .dta
    format
sexo: all characters numeric; replaced as byte
edad already numeric; no replace
ed_formal: all characters numeric; replaced as byte
(35,853 differences between ed_formal and educ_anios)
hrs_sem already numeric; no replace
hrs_sec already numeric; no replace

    Result                      Number of obs
    -----------------------------------------
    Not matched                             0
    Matched                            50,862  
    -----------------------------------------
file C:\Users\LCASTI~1\AppData\Local\Temp\ST_2c70_00000n.tmp saved as .dta
    format

================  ENIGH 1994 (1.3)  ================
(51 vars, 12,815 obs)
factor already numeric; no replace
tam_loc: all characters numeric; replaced as byte
file C:\Users\LCASTI~1\AppData\Local\Temp\ST_2c70_00000o.tmp saved as .dta
    format
sexo: all characters numeric; replaced as byte
edad already numeric; no replace
ed_formal: all characters numeric; replaced as byte
(43,063 differences between ed_formal and educ_anios)
hrs_sem: all characters numeric; replaced as byte
hrs_sec: all characters numeric; replaced as byte

    Result                      Number of obs
    -----------------------------------------
    Not matched                             0
    Matched                            60,353  
    -----------------------------------------
file C:\Users\LCASTI~1\AppData\Local\Temp\ST_2c70_00000p.tmp saved as .dta
    format

================  ENIGH 1996 (1.3)  ================
(54 vars, 14,042 obs)
factor already numeric; no replace
tam_loc: all characters numeric; replaced as byte
file C:\Users\LCASTI~1\AppData\Local\Temp\ST_2c70_00000q.tmp saved as .dta
    format
sexo: all characters numeric; replaced as byte
edad already numeric; no replace
ed_formal: all characters numeric; replaced as byte
(47,206 differences between ed_formal and educ_anios)
hrs_sem: all characters numeric; replaced as byte
hrs_sec: all characters numeric; replaced as byte

    Result                      Number of obs
    -----------------------------------------
    Not matched                             0
    Matched                            64,916  
    -----------------------------------------
file C:\Users\LCASTI~1\AppData\Local\Temp\ST_2c70_00000r.tmp saved as .dta
    format

================  ENIGH 1998 (1.3)  ================
(49 vars, 10,952 obs)
factor already numeric; no replace
tam_loc: all characters numeric; replaced as byte
file C:\Users\LCASTI~1\AppData\Local\Temp\ST_2c70_00000s.tmp saved as .dta
    format
sexo: all characters numeric; replaced as byte
edad already numeric; no replace
ed_formal: all characters numeric; replaced as byte
(40,507 differences between ed_formal and educ_anios)
hrs_sem already numeric; no replace
hrs_sec already numeric; no replace

    Result                      Number of obs
    -----------------------------------------
    Not matched                             0
    Matched                            48,110  
    -----------------------------------------
file C:\Users\LCASTI~1\AppData\Local\Temp\ST_2c70_00000t.tmp saved as .dta
    format

================  ENIGH 2000 (1.3)  ================
(116 vars, 10,108 obs)
factor already numeric; no replace
tam_loc: all characters numeric; replaced as byte
file C:\Users\LCASTI~1\AppData\Local\Temp\ST_2c70_00000u.tmp saved as .dta
    format
sexo: all characters numeric; replaced as byte
edad already numeric; no replace
ed_formal: all characters numeric; replaced as byte
(36,324 differences between ed_formal and educ_anios)
hrs_sem already numeric; no replace
hrs_sec: all characters numeric; replaced as byte

    Result                      Number of obs
    -----------------------------------------
    Not matched                             0
    Matched                            42,535  
    -----------------------------------------
file C:\Users\LCASTI~1\AppData\Local\Temp\ST_2c70_00000v.tmp saved as .dta
    format

================  ENIGH 2002 (1.3)  ================
(116 vars, 17,167 obs)
factor already numeric; no replace
tam_loc: all characters numeric; replaced as byte
file C:\Users\LCASTI~1\AppData\Local\Temp\ST_2c70_00000w.tmp saved as .dta
    format
sexo: all characters numeric; replaced as byte
edad already numeric; no replace
ed_formal: all characters numeric; replaced as byte
(64,634 differences between ed_formal and educ_anios)
hrs_sem already numeric; no replace
hrs_sec already numeric; no replace

    Result                      Number of obs
    -----------------------------------------
    Not matched                             0
    Matched                            72,602  
    -----------------------------------------
file C:\Users\LCASTI~1\AppData\Local\Temp\ST_2c70_00000x.tmp saved as .dta
    format

================  ENIGH 2004 (1.3)  ================
(116 vars, 22,595 obs)
factor already numeric; no replace
tam_loc: all characters numeric; replaced as byte
file C:\Users\LCASTI~1\AppData\Local\Temp\ST_2c70_000010.tmp saved as .dta
    format
sexo: all characters numeric; replaced as byte
edad already numeric; no replace
niv: all characters numeric; replaced as byte
(9226 missing values generated)
gra: all characters numeric; replaced as byte
(9226 missing values generated)
antec_esc: all characters numeric; replaced as byte
(78761 missing values generated)
(91,738 missing values generated)
(9,653 real changes made)
(32,937 real changes made)
(18,363 real changes made)
(8,584 real changes made)
(349 real changes made)
(3,377 real changes made)
(777 real changes made)
(7,850 real changes made)
(548 real changes made)
(74 real changes made)
(0 real changes made)
horas_trab: all characters numeric; replaced as int
(53784 missing values generated)
(53,784 missing values generated)
(53,784 real changes made)

    Result                      Number of obs
    -----------------------------------------
    Not matched                             0
    Matched                            91,738  
    -----------------------------------------
file C:\Users\LCASTI~1\AppData\Local\Temp\ST_2c70_000011.tmp saved as .dta
    format

================  ENIGH 2005 (1.3)  ================
(116 vars, 23,174 obs)
factor already numeric; no replace
tam_loc: all characters numeric; replaced as byte
file C:\Users\LCASTI~1\AppData\Local\Temp\ST_2c70_000012.tmp saved as .dta
    format
sexo: all characters numeric; replaced as byte
edad already numeric; no replace
niv: all characters numeric; replaced as byte
(9093 missing values generated)
gra: all characters numeric; replaced as byte
(9093 missing values generated)
antec_esc: all characters numeric; replaced as byte
(82143 missing values generated)
(94,308 missing values generated)
(10,397 real changes made)
(34,745 real changes made)
(18,474 real changes made)
(9,434 real changes made)
(297 real changes made)
(2,600 real changes made)
(887 real changes made)
(7,751 real changes made)
(566 real changes made)
(64 real changes made)
(0 real changes made)
horas_trab already numeric; no replace
(0 real changes made)

    Result                      Number of obs
    -----------------------------------------
    Not matched                             0
    Matched                            94,308  
    -----------------------------------------
file C:\Users\LCASTI~1\AppData\Local\Temp\ST_2c70_000013.tmp saved as .dta
    format

================  ENIGH 2006 (1.3)  ================
  (all newnames==oldnames)
factor already numeric; no replace
tam_loc: all characters numeric; replaced as byte
file C:\Users\LCASTI~1\AppData\Local\Temp\ST_2c70_000014.tmp saved as .dta
    format
sexo: all characters numeric; replaced as byte
edad already numeric; no replace
niv: all characters numeric; replaced as byte
(8396 missing values generated)
gra: all characters numeric; replaced as byte
(8396 missing values generated)
antec_esc: all characters numeric; replaced as byte
(73083 missing values generated)
(83,624 missing values generated)
(9,305 real changes made)
(30,171 real changes made)
(16,986 real changes made)
(8,225 real changes made)
(325 real changes made)
(2,354 real changes made)
(688 real changes made)
(6,591 real changes made)
(514 real changes made)
(69 real changes made)
(0 real changes made)
horas_trab already numeric; no replace
(0 real changes made)

    Result                      Number of obs
    -----------------------------------------
    Not matched                             0
    Matched                            83,624  
    -----------------------------------------
file C:\Users\LCASTI~1\AppData\Local\Temp\ST_2c70_000015.tmp saved as .dta
    format

================  ENIGH 2008 (1.3)  ================
  (all newnames==oldnames)
factor already numeric; no replace
tam_loc already numeric; no replace
file C:\Users\LCASTI~1\AppData\Local\Temp\ST_2c70_000016.tmp saved as .dta
    format
  (all newnames==oldnames)
numren: all characters numeric; replaced as byte
htrab already numeric; no replace
file C:\Users\LCASTI~1\AppData\Local\Temp\ST_2c70_000017.tmp saved as .dta
    format
sexo already numeric; no replace
edad already numeric; no replace
niv already numeric; no replace
gra already numeric; no replace
antec_esc already numeric; no replace
(118,927 missing values generated)
(16,022 real changes made)
(41,675 real changes made)
(25,930 real changes made)
(13,067 real changes made)
(410 real changes made)
(3,431 real changes made)
(1,280 real changes made)
(10,078 real changes made)
(724 real changes made)
(115 real changes made)
(0 real changes made)
(variable folio was str8, now str30 to accommodate using data's values)

    Result                      Number of obs
    -----------------------------------------
    Not matched                        68,364
        from master                    68,364  
        from using                          0  

    Matched                            50,563  
    -----------------------------------------
(68,364 real changes made)

    Result                      Number of obs
    -----------------------------------------
    Not matched                             0
    Matched                           118,927  
    -----------------------------------------
file C:\Users\LCASTI~1\AppData\Local\Temp\ST_2c70_000018.tmp saved as .dta
    format

================  ENIGH 2010 (1.3)  ================
  (all newnames==oldnames)
factor already numeric; no replace
tam_loc already numeric; no replace
file C:\Users\LCASTI~1\AppData\Local\Temp\ST_2c70_000019.tmp saved as .dta
    format
  (all newnames==oldnames)
numren: all characters numeric; replaced as byte
htrab already numeric; no replace
file C:\Users\LCASTI~1\AppData\Local\Temp\ST_2c70_00001a.tmp saved as .dta
    format
sexo: all characters numeric; replaced as byte
edad already numeric; no replace
niv: all characters numeric; replaced as byte
(5674 missing values generated)
gra: all characters numeric; replaced as byte
(5674 missing values generated)
antec_esc: all characters numeric; replaced as byte
(92770 missing values generated)
(107,781 missing values generated)
(14,537 real changes made)
(36,853 real changes made)
(23,366 real changes made)
(12,340 real changes made)
(272 real changes made)
(2,906 real changes made)
(1,084 real changes made)
(9,844 real changes made)
(732 real changes made)
(173 real changes made)
(0 real changes made)
(variable folio was str8, now str30 to accommodate using data's values)

    Result                      Number of obs
    -----------------------------------------
    Not matched                        62,990
        from master                    62,990  
        from using                          0  

    Matched                            44,791  
    -----------------------------------------
(62,990 real changes made)

    Result                      Number of obs
    -----------------------------------------
    Not matched                             0
    Matched                           107,781  
    -----------------------------------------
file C:\Users\LCASTI~1\AppData\Local\Temp\ST_2c70_00001b.tmp saved as .dta
    format

================  ENIGH 2012 (1.3)  ================
  (all newnames==oldnames)
factor already numeric; no replace
tam_loc: all characters numeric; replaced as byte
file C:\Users\LCASTI~1\AppData\Local\Temp\ST_2c70_00001c.tmp saved as .dta
    format
  (all newnames==oldnames)
numren: all characters numeric; replaced as byte
htrab already numeric; no replace
file C:\Users\LCASTI~1\AppData\Local\Temp\ST_2c70_00001d.tmp saved as .dta
    format
sexo: all characters numeric; replaced as byte
edad already numeric; no replace
niv: all characters numeric; replaced as byte
(1827 missing values generated)
gra: all characters numeric; replaced as byte
(1827 missing values generated)
antec_esc: all characters numeric; replaced as byte
(29645 missing values generated)
(33,726 missing values generated)
(4,481 real changes made)
(11,553 real changes made)
(7,872 real changes made)
(3,913 real changes made)
(77 real changes made)
(780 real changes made)
(299 real changes made)
(2,689 real changes made)
(193 real changes made)
(42 real changes made)
(0 real changes made)
(variable folio was str8, now str30 to accommodate using data's values)

    Result                      Number of obs
    -----------------------------------------
    Not matched                        18,443
        from master                    18,443  
        from using                          0  

    Matched                            15,283  
    -----------------------------------------
(18,443 real changes made)

    Result                      Number of obs
    -----------------------------------------
    Not matched                             0
    Matched                            33,726  
    -----------------------------------------
file C:\Users\LCASTI~1\AppData\Local\Temp\ST_2c70_00001e.tmp saved as .dta
    format

================  ENIGH 2014 (1.3)  ================
  (all newnames==oldnames)
factor already numeric; no replace
tam_loc: all characters numeric; replaced as byte
file C:\Users\LCASTI~1\AppData\Local\Temp\ST_2c70_00001f.tmp saved as .dta
    format
  (all newnames==oldnames)
numren: all characters numeric; replaced as byte
htrab already numeric; no replace
file C:\Users\LCASTI~1\AppData\Local\Temp\ST_2c70_00001g.tmp saved as .dta
    format
sexo: all characters numeric; replaced as byte
edad already numeric; no replace
niv: all characters numeric; replaced as byte
(3696 missing values generated)
gra: all characters numeric; replaced as byte
(3696 missing values generated)
antec_esc: all characters numeric; replaced as byte
(63446 missing values generated)
(73,592 missing values generated)
(8,757 real changes made)
(23,346 real changes made)
(17,509 real changes made)
(10,139 real changes made)
(149 real changes made)
(1,516 real changes made)
(821 real changes made)
(7,063 real changes made)
(511 real changes made)
(85 real changes made)
(0 real changes made)
(variable folio was str12, now str30 to accommodate using data's values)

    Result                      Number of obs
    -----------------------------------------
    Not matched                        40,870
        from master                    40,870  
        from using                          0  

    Matched                            32,722  
    -----------------------------------------
(40,870 real changes made)

    Result                      Number of obs
    -----------------------------------------
    Not matched                             0
    Matched                            73,592  
    -----------------------------------------
file C:\Users\LCASTI~1\AppData\Local\Temp\ST_2c70_00001h.tmp saved as .dta
    format

================  ENIGH 2016 (1.3)  ================
  (all newnames==oldnames)
factor already numeric; no replace
tam_loc: all characters numeric; replaced as byte
file C:\Users\LCASTI~1\AppData\Local\Temp\ST_2c70_00001i.tmp saved as .dta
    format
  (all newnames==oldnames)
numren: all characters numeric; replaced as byte
htrab already numeric; no replace
file C:\Users\LCASTI~1\AppData\Local\Temp\ST_2c70_00001j.tmp saved as .dta
    format
sexo: all characters numeric; replaced as byte
edad already numeric; no replace
niv: all characters numeric; replaced as byte
(12738 missing values generated)
gra: all characters numeric; replaced as byte
(12738 missing values generated)
antec_esc: all characters numeric; replaced as byte
(224390 missing values generated)
(257,805 missing values generated)
(29,632 real changes made)
(80,903 real changes made)
(65,957 real changes made)
(35,163 real changes made)
(543 real changes made)
(4,992 real changes made)
(2,306 real changes made)
(23,503 real changes made)
(1,702 real changes made)
(366 real changes made)
(0 real changes made)
(variable folio was str12, now str30 to accommodate using data's values)

    Result                      Number of obs
    -----------------------------------------
    Not matched                       137,560
        from master                   137,560  
        from using                          0  

    Matched                           120,245  
    -----------------------------------------
(137,560 real changes made)

    Result                      Number of obs
    -----------------------------------------
    Not matched                             0
    Matched                           257,805  
    -----------------------------------------
file C:\Users\LCASTI~1\AppData\Local\Temp\ST_2c70_00001k.tmp saved as .dta
    format

================  ENIGH 2018 (1.3)  ================
  (all newnames==oldnames)
factor already numeric; no replace
tam_loc: all characters numeric; replaced as byte
file C:\Users\LCASTI~1\AppData\Local\Temp\ST_2c70_00001l.tmp saved as .dta
    format
  (all newnames==oldnames)
numren: all characters numeric; replaced as byte
htrab already numeric; no replace
file C:\Users\LCASTI~1\AppData\Local\Temp\ST_2c70_00001m.tmp saved as .dta
    format
sexo: all characters numeric; replaced as byte
edad already numeric; no replace
niv: all characters numeric; replaced as byte
(12382 missing values generated)
gra: all characters numeric; replaced as byte
(12382 missing values generated)
antec_esc: all characters numeric; replaced as byte
(232996 missing values generated)
(269,206 missing values generated)
(30,246 real changes made)
(81,267 real changes made)
(69,256 real changes made)
(39,845 real changes made)
(516 real changes made)
(4,543 real changes made)
(2,399 real changes made)
(26,532 real changes made)
(1,858 real changes made)
(362 real changes made)
(0 real changes made)
(variable folio was str12, now str30 to accommodate using data's values)

    Result                      Number of obs
    -----------------------------------------
    Not matched                       141,568
        from master                   141,568  
        from using                          0  

    Matched                           127,638  
    -----------------------------------------
(141,568 real changes made)

    Result                      Number of obs
    -----------------------------------------
    Not matched                             0
    Matched                           269,206  
    -----------------------------------------
file C:\Users\LCASTI~1\AppData\Local\Temp\ST_2c70_00001n.tmp saved as .dta
    format

================  ENIGH 2020 (1.3)  ================
  (all newnames==oldnames)
factor already numeric; no replace
tam_loc: all characters numeric; replaced as byte
file C:\Users\LCASTI~1\AppData\Local\Temp\ST_2c70_00001o.tmp saved as .dta
    format
  (all newnames==oldnames)
numren: all characters numeric; replaced as byte
htrab already numeric; no replace
file C:\Users\LCASTI~1\AppData\Local\Temp\ST_2c70_00001p.tmp saved as .dta
    format
sexo: all characters numeric; replaced as byte
edad already numeric; no replace
niv: all characters numeric; replaced as byte
(12710 missing values generated)
gra: all characters numeric; replaced as byte
(12710 missing values generated)
antec_esc: all characters numeric; replaced as byte
(268329 missing values generated)
(315,743 missing values generated)
(32,570 real changes made)
(92,168 real changes made)
(80,767 real changes made)
(50,114 real changes made)
(654 real changes made)
(5,704 real changes made)
(2,843 real changes made)
(35,139 real changes made)
(2,531 real changes made)
(543 real changes made)
(0 real changes made)
(variable folio was str12, now str30 to accommodate using data's values)

    Result                      Number of obs
    -----------------------------------------
    Not matched                       166,356
        from master                   166,356  
        from using                          0  

    Matched                           149,387  
    -----------------------------------------
(166,356 real changes made)

    Result                      Number of obs
    -----------------------------------------
    Not matched                             0
    Matched                           315,743  
    -----------------------------------------
file C:\Users\LCASTI~1\AppData\Local\Temp\ST_2c70_00001q.tmp saved as .dta
    format

================  ENIGH 2022 (1.3)  ================
  (all newnames==oldnames)
factor already numeric; no replace
tam_loc: all characters numeric; replaced as byte
file C:\Users\LCASTI~1\AppData\Local\Temp\ST_2c70_00001r.tmp saved as .dta
    format
  (all newnames==oldnames)
numren: all characters numeric; replaced as byte
htrab already numeric; no replace
file C:\Users\LCASTI~1\AppData\Local\Temp\ST_2c70_00001s.tmp saved as .dta
    format
sexo: all characters numeric; replaced as byte
edad already numeric; no replace
niv: all characters numeric; replaced as byte
(11472 missing values generated)
gra: all characters numeric; replaced as byte
(11472 missing values generated)
antec_esc: all characters numeric; replaced as byte
(260630 missing values generated)
(309,684 missing values generated)
(30,690 real changes made)
(87,665 real changes made)
(79,751 real changes made)
(51,059 real changes made)
(496 real changes made)
(5,203 real changes made)
(2,944 real changes made)
(37,269 real changes made)
(2,572 real changes made)
(563 real changes made)
(0 real changes made)
(variable folio was str12, now str30 to accommodate using data's values)

    Result                      Number of obs
    -----------------------------------------
    Not matched                       159,002
        from master                   159,002  
        from using                          0  

    Matched                           150,682  
    -----------------------------------------
(159,002 real changes made)
(variable factor was int, now double to accommodate using data's values)

    Result                      Number of obs
    -----------------------------------------
    Not matched                             0
    Matched                           309,684  
    -----------------------------------------
file C:\Users\LCASTI~1\AppData\Local\Temp\ST_2c70_00001t.tmp saved as .dta
    format

================  ENIGH 2024 (1.3)  ================
  (all newnames==oldnames)
factor already numeric; no replace
tam_loc: all characters numeric; replaced as byte
file C:\Users\LCASTI~1\AppData\Local\Temp\ST_2c70_00001u.tmp saved as .dta
    format
  (all newnames==oldnames)
numren: all characters numeric; replaced as byte
htrab already numeric; no replace
file C:\Users\LCASTI~1\AppData\Local\Temp\ST_2c70_00001v.tmp saved as .dta
    format
sexo: all characters numeric; replaced as byte
edad already numeric; no replace
niv: all characters numeric; replaced as byte
(10645 missing values generated)
gra: all characters numeric; replaced as byte
(10646 missing values generated)
antec_esc: all characters numeric; replaced as byte
(259388 missing values generated)
(308,598 missing values generated)
(29,051 real changes made)
(86,446 real changes made)
(79,810 real changes made)
(53,445 real changes made)
(407 real changes made)
(4,186 real changes made)
(2,240 real changes made)
(38,737 real changes made)
(473 real changes made)
(2,665 real changes made)
(0 real changes made)
(variable folio was str12, now str30 to accommodate using data's values)

    Result                      Number of obs
    -----------------------------------------
    Not matched                       158,216
        from master                   158,216  
        from using                          0  

    Matched                           150,382  
    -----------------------------------------
(158,216 real changes made)
(variable factor was int, now double to accommodate using data's values)

    Result                      Number of obs
    -----------------------------------------
    Not matched                             0
    Matched                           308,598  
    -----------------------------------------
file C:\Users\LCASTI~1\AppData\Local\Temp\ST_2c70_00001w.tmp saved as .dta
    format
. 
. * Append de los 18 años
. clear
. foreach y of global enigh_years {
  2.     append using `p`y''
  3. }
(variable folio was str11, now str12 to accommodate using data's values)
(variable factor was int, now long to accommodate using data's values)
(variable educ_anios was byte, now float to accommodate using data's values)
(variable factor was long, now double to accommodate using data's values)
(variable folio was str12, now str30 to accommodate using data's values)
(variable horas was float, now double to accommodate using data's values)
(variable edad was byte, now int to accommodate using data's values)
. 
. * Pesos reales de enero de 2026
. merge m:1 year using `inpc_enigh', keep(master match) nogenerate

    Result                      Number of obs
    -----------------------------------------
    Not matched                             0
    Matched                         2,404,110  
    -----------------------------------------
. gen double defl = inpc_ene26 / inpc_ago
. gen double ing_mp_real  = ing_lab_mp  * defl
. gen double ing_tri_real = ing_lab_tri * defl
. 
. * Variables finales
. gen byte mujer = (sexo == 2) if inlist(sexo, 1, 2)
. gen byte educ_nivel = .
(2,404,110 missing values generated)
. replace educ_nivel = 0 if educ_anios == 0
(311,400 real changes made)
. replace educ_nivel = 1 if inrange(educ_anios, 1, 5)
(473,534 real changes made)
. replace educ_nivel = 2 if inrange(educ_anios, 6, 8)
(457,203 real changes made)
. replace educ_nivel = 3 if inrange(educ_anios, 9, 11)
(550,460 real changes made)
. replace educ_nivel = 4 if inrange(educ_anios, 12, 15)
(331,880 real changes made)
. replace educ_nivel = 5 if educ_anios >= 16 & !missing(educ_anios)
(175,086 real changes made)
. gen byte prepa_o_mas = (educ_anios >= 12) if !missing(educ_anios)
(104,547 missing values generated)
. 
. * --- Limpieza: muestra de 25 a 65 años y sin valores faltantes -------------
. count
  2,404,110
. keep if inrange(edad, 25, 65)
(1,282,359 observations deleted)
. count
  1,121,751
. misstable summarize edad mujer educ_anios horas rural factor ing_mp_real ing_
> tri_real
                                                               Obs<.
                                                +------------------------------
               |                                | Unique
      Variable |     Obs=.     Obs>.     Obs<.  | values        Min         Max
  -------------+--------------------------------+------------------------------
    educ_anios |       429             1121322  |     25          0          24
  -----------------------------------------------------------------------------
. foreach v in mujer educ_anios horas rural factor ing_mp_real ing_tri_real {
  2.     count if missing(`v')
  3.     di as txt "  `v': se eliminan `r(N)' observaciones con valor faltante"
  4.     drop if missing(`v')
  5. }
  0
  mujer: se eliminan 0 observaciones con valor faltante
(0 observations deleted)
  429
  educ_anios: se eliminan 429 observaciones con valor faltante
(429 observations deleted)
  0
  horas: se eliminan 0 observaciones con valor faltante
(0 observations deleted)
  0
  rural: se eliminan 0 observaciones con valor faltante
(0 observations deleted)
  0
  factor: se eliminan 0 observaciones con valor faltante
(0 observations deleted)
  0
  ing_mp_real: se eliminan 0 observaciones con valor faltante
(0 observations deleted)
  0
  ing_tri_real: se eliminan 0 observaciones con valor faltante
(0 observations deleted)
. count
  1,121,322
. 
. label define lnivel 0 "Sin escolaridad" 1 "Primaria incompleta" 2 "Primaria c
> ompleta" ///
>                     3 "Secundaria completa" 4 "Media superior completa" 5 "Su
> perior o más"
. label values educ_nivel lnivel
. label var edad         "Edad"
. label var mujer        "Mujer"
. label var educ_anios   "Años de escolaridad"
. label var educ_nivel   "Nivel de escolaridad terminado"
. label var prepa_o_mas  "Preparatoria completa o más"
. label var horas        "Horas trabajadas a la semana"
. label var rural        "Rural (<2,500 hab.)"
. label var factor       "Factor de expansión"
. label var ing_mp_real  "Ingreso laboral del mes pasado (pesos ene-2026)"
. label var ing_tri_real "Ingreso laboral trimestral (pesos ene-2026)"
. drop sexo defl inpc_ago
. order year folio numren edad mujer educ_anios educ_nivel prepa_o_mas horas ru
> ral ///
>       ing_mp_real ing_tri_real ing_lab_mp ing_lab_tri con_ing_lab factor
. compress
  variable edad was int now byte
  variable educ_anios was float now byte
  variable horas was double now int
  variable factor was double now long
  variable folio was str30 now str12
  (35,882,304 bytes saved)
. save "$data/construidas/enigh_1992_2024_limpia.dta", replace
file C:/Users/lcastillo/Music/TAREA
    2/data/construidas/enigh_1992_2024_limpia.dta saved
. 
. * Verificación: estadísticos por año (en el log)
. tabstat edad mujer educ_anios prepa_o_mas horas rural ing_mp_real ing_tri_rea
> l, ///
>     by(year) statistics(n mean sd min max) columns(statistics) format(%12.2fc
> ) longstub

year         Variable |            N         Mean           SD          Min
----------------------+----------------------------------------------------
1992             edad |    18,533.00        39.80        11.02        25.00
                mujer |    18,533.00         0.51         0.50         0.00
           educ_anios |    18,533.00         5.49         4.36         0.00
          prepa_o_mas |    18,533.00         0.12         0.33         0.00
                horas |    18,533.00        29.08        27.48         0.00
                rural |    18,533.00         0.40         0.49         0.00
          ing_mp_real |    18,533.00     7,193.08    18,215.10         0.00
         ing_tri_real |    18,533.00    21,160.62    51,632.61         0.00
----------------------+----------------------------------------------------
1994             edad |    22,718.00        40.58        11.19        25.00
                mujer |    22,718.00         0.52         0.50         0.00
           educ_anios |    22,718.00         5.63         4.46         0.00
          prepa_o_mas |    22,718.00         0.14         0.34         0.00
                horas |    22,718.00        30.18        27.36         0.00
                rural |    22,718.00         0.39         0.49         0.00
          ing_mp_real |    22,718.00     7,480.16    19,371.59         0.00
         ing_tri_real |    22,718.00    21,976.09    56,685.71         0.00
----------------------+----------------------------------------------------
1996             edad |    25,119.00        39.97        10.98        25.00
                mujer |    25,119.00         0.52         0.50         0.00
           educ_anios |    25,119.00         6.12         4.50         0.00
          prepa_o_mas |    25,119.00         0.15         0.36         0.00
                horas |    25,119.00        30.61        27.12         0.00
                rural |    25,119.00         0.32         0.47         0.00
          ing_mp_real |    25,119.00     5,620.14    15,421.37         0.00
         ing_tri_real |    25,119.00    16,577.29    46,140.93         0.00
----------------------+----------------------------------------------------
1998             edad |    19,318.00        40.35        11.00        25.00
                mujer |    19,318.00         0.52         0.50         0.00
           educ_anios |    19,318.00         7.36         4.89         0.00
          prepa_o_mas |    19,318.00         0.18         0.38         0.00
                horas |    19,318.00        30.62        26.89         0.00
                rural |    19,318.00         0.34         0.47         0.00
          ing_mp_real |    19,318.00     6,232.30    18,262.14         0.00
         ing_tri_real |    19,318.00    18,401.16    44,680.19         0.00
----------------------+----------------------------------------------------
2000             edad |    17,863.00        40.69        11.02        25.00
                mujer |    17,863.00         0.53         0.50         0.00
           educ_anios |    17,863.00         7.74         5.05         0.00
          prepa_o_mas |    17,863.00         0.20         0.40         0.00
                horas |    17,863.00        30.90        26.24         0.00
                rural |    17,863.00         0.33         0.47         0.00
          ing_mp_real |    17,863.00     6,774.41    15,255.53         0.00
         ing_tri_real |    17,863.00    20,481.07    44,690.60         0.00
----------------------+----------------------------------------------------
2002             edad |    30,652.00        40.89        11.00        25.00
                mujer |    30,652.00         0.53         0.50         0.00
           educ_anios |    30,652.00         6.91         4.79         0.00
          prepa_o_mas |    30,652.00         0.18         0.38         0.00
                horas |    30,652.00        31.31        26.16         0.00
                rural |    30,652.00         0.26         0.44         0.00
          ing_mp_real |    30,652.00     6,763.10    12,137.00         0.00
         ing_tri_real |    30,652.00    20,193.26    35,194.25         0.00
----------------------+----------------------------------------------------
2004             edad |    40,527.00        40.97        10.96        25.00
                mujer |    40,527.00         0.53         0.50         0.00
           educ_anios |    40,527.00         8.25         4.96         0.00
          prepa_o_mas |    40,527.00         0.29         0.45         0.00
                horas |    40,527.00        32.54        25.76         0.00
                rural |    40,527.00         0.22         0.42         0.00
          ing_mp_real |    40,527.00     8,299.84    17,134.22         0.00
         ing_tri_real |    40,527.00    24,796.79    51,735.58         0.00
----------------------+----------------------------------------------------
2005             edad |    41,290.00        41.28        11.02        25.00
                mujer |    41,290.00         0.53         0.50         0.00
           educ_anios |    41,290.00         8.00         5.03         0.00
          prepa_o_mas |    41,290.00         0.27         0.45         0.00
                horas |    41,290.00        32.72        25.70         0.00
                rural |    41,290.00         0.27         0.44         0.00
          ing_mp_real |    41,290.00     7,883.68    21,432.02         0.00
         ing_tri_real |    41,290.00    23,535.70    63,589.57         0.00
----------------------+----------------------------------------------------
2006             edad |    36,239.00        41.21        10.96        25.00
                mujer |    36,239.00         0.54         0.50         0.00
           educ_anios |    36,239.00         8.03         4.95         0.00
          prepa_o_mas |    36,239.00         0.27         0.44         0.00
                horas |    36,239.00        33.56        25.80         0.00
                rural |    36,239.00         0.26         0.44         0.00
          ing_mp_real |    36,239.00     8,112.73    15,544.11         0.00
         ing_tri_real |    36,239.00    24,444.35    46,216.53         0.00
----------------------+----------------------------------------------------
2008             edad |    53,317.00        41.53        11.04        25.00
                mujer |    53,317.00         0.53         0.50         0.00
           educ_anios |    53,317.00         8.35         4.81         0.00
          prepa_o_mas |    53,317.00         0.28         0.45         0.00
                horas |    53,317.00        31.72        25.73         0.00
                rural |    53,317.00         0.22         0.41         0.00
          ing_mp_real |    53,317.00     8,715.72    24,743.86         0.00
         ing_tri_real |    53,317.00    27,127.54    73,790.60         0.00
----------------------+----------------------------------------------------
2010             edad |    49,282.00        41.84        11.15        25.00
                mujer |    49,282.00         0.54         0.50         0.00
           educ_anios |    49,282.00         8.54         4.93         0.00
          prepa_o_mas |    49,282.00         0.30         0.46         0.00
                horas |    49,282.00        31.99        27.04         0.00
                rural |    49,282.00         0.21         0.41         0.00
          ing_mp_real |    49,282.00     7,088.60    13,771.74         0.00
         ing_tri_real |    49,282.00    21,759.87    41,667.16         0.00
----------------------+----------------------------------------------------
2012             edad |    15,336.00        42.14        11.24        25.00
                mujer |    15,336.00         0.53         0.50         0.00
           educ_anios |    15,336.00         8.34         4.73         0.00
          prepa_o_mas |    15,336.00         0.27         0.45         0.00
                horas |    15,336.00        32.84        27.34         0.00
                rural |    15,336.00         0.35         0.48         0.00
          ing_mp_real |    15,336.00     6,908.48    13,719.92         0.00
         ing_tri_real |    15,336.00    20,425.54    40,378.25         0.00
----------------------+----------------------------------------------------
2014             edad |    34,329.00        42.10        11.09        25.00
                mujer |    34,329.00         0.53         0.50         0.00
           educ_anios |    34,329.00         8.98         4.66         0.00
          prepa_o_mas |    34,329.00         0.32         0.47         0.00
                horas |    34,329.00        32.90        26.91         0.00
                rural |    34,329.00         0.26         0.44         0.00
          ing_mp_real |    34,329.00     7,267.93    21,735.15         0.00
         ing_tri_real |    34,329.00    21,495.27    55,952.76         0.00
----------------------+----------------------------------------------------
2016             edad |   121,907.00        42.18        11.17        25.00
                mujer |   121,907.00         0.53         0.50         0.00
           educ_anios |   121,907.00         8.98         4.48         0.00
          prepa_o_mas |   121,907.00         0.30         0.46         0.00
                horas |   121,907.00        34.16        26.82         0.00
                rural |   121,907.00         0.35         0.48         0.00
          ing_mp_real |   121,907.00     7,838.48    62,504.29         0.00
         ing_tri_real |   121,907.00    23,267.98   184,742.89         0.00
----------------------+----------------------------------------------------
2018             edad |   129,410.00        42.56        11.31        25.00
                mujer |   129,410.00         0.53         0.50         0.00
           educ_anios |   129,410.00         9.16         4.47         0.00
          prepa_o_mas |   129,410.00         0.32         0.47         0.00
                horas |   129,410.00        34.30        26.74         0.00
                rural |   129,410.00         0.37         0.48         0.00
          ing_mp_real |   129,410.00     7,644.15    22,439.76         0.00
         ing_tri_real |   129,410.00    22,561.66    50,294.88         0.00
----------------------+----------------------------------------------------
2020             edad |   155,448.00        42.98        11.41        25.00
                mujer |   155,448.00         0.53         0.50         0.00
           educ_anios |   155,448.00         9.46         4.44         0.00
          prepa_o_mas |   155,448.00         0.35         0.48         0.00
                horas |   155,448.00        32.39        26.54         0.00
                rural |   155,448.00         0.37         0.48         0.00
          ing_mp_real |   155,448.00     7,224.32    20,705.59         0.00
         ing_tri_real |   155,448.00    20,751.69    60,072.34         0.00
----------------------+----------------------------------------------------
2022             edad |   154,793.00        43.27        11.48        25.00
                mujer |   154,793.00         0.53         0.50         0.00
           educ_anios |   154,793.00         9.73         4.43         0.00
          prepa_o_mas |   154,793.00         0.37         0.48         0.00
                horas |   154,793.00        34.36        26.24         0.00
                rural |   154,793.00         0.37         0.48         0.00
          ing_mp_real |   154,793.00     8,172.31    18,008.60         0.00
         ing_tri_real |   154,793.00    24,226.93    53,082.16         0.00
----------------------+----------------------------------------------------
2024             edad |   155,241.00        43.40        11.47        25.00
                mujer |   155,241.00         0.53         0.50         0.00
           educ_anios |   155,241.00         9.87         4.43         0.00
          prepa_o_mas |   155,241.00         0.38         0.49         0.00
                horas |   155,241.00        33.65        25.51         0.00
                rural |   155,241.00         0.39         0.49         0.00
          ing_mp_real |   155,241.00     8,619.10    21,680.26         0.00
         ing_tri_real |   155,241.00    25,788.06    64,198.33         0.00
----------------------+----------------------------------------------------
Total            edad | 1,121,322.00        42.28        11.31        25.00
                mujer | 1,121,322.00         0.53         0.50         0.00
           educ_anios | 1,121,322.00         8.85         4.71         0.00
          prepa_o_mas | 1,121,322.00         0.31         0.46         0.00
                horas | 1,121,322.00        33.06        26.40         0.00
                rural | 1,121,322.00         0.34         0.47         0.00
          ing_mp_real | 1,121,322.00     7,749.20    27,825.95         0.00
         ing_tri_real | 1,121,322.00    23,022.95    80,573.42         0.00
---------------------------------------------------------------------------

year         Variable |          Max
----------------------+-------------
1992             edad |        65.00
                mujer |         1.00
           educ_anios |        18.00
          prepa_o_mas |         1.00
                horas |       154.00
                rural |         1.00
          ing_mp_real |   768,491.61
         ing_tri_real | 2,305,474.84
----------------------+-------------
1994             edad |        65.00
                mujer |         1.00
           educ_anios |        18.00
          prepa_o_mas |         1.00
                horas |       144.00
                rural |         1.00
          ing_mp_real | 1,361,934.90
         ing_tri_real | 4,384,256.47
----------------------+-------------
1996             edad |        65.00
                mujer |         1.00
           educ_anios |        18.00
          prepa_o_mas |         1.00
                horas |       144.00
                rural |         1.00
          ing_mp_real | 1,554,330.80
         ing_tri_real | 4,662,992.41
----------------------+-------------
1998             edad |        65.00
                mujer |         1.00
           educ_anios |        18.00
          prepa_o_mas |         1.00
                horas |       168.00
                rural |         1.00
          ing_mp_real | 1,836,128.60
         ing_tri_real | 3,556,713.67
----------------------+-------------
2000             edad |        65.00
                mujer |         1.00
           educ_anios |        18.00
          prepa_o_mas |         1.00
                horas |       168.00
                rural |         1.00
          ing_mp_real |   767,670.72
         ing_tri_real | 1,772,852.82
----------------------+-------------
2002             edad |        65.00
                mujer |         1.00
           educ_anios |        20.00
          prepa_o_mas |         1.00
                horas |       190.00
                rural |         1.00
          ing_mp_real |   495,999.89
         ing_tri_real |   826,666.49
----------------------+-------------
2004             edad |        65.00
                mujer |         1.00
           educ_anios |        21.00
          prepa_o_mas |         1.00
                horas |       168.00
                rural |         1.00
          ing_mp_real | 1,743,354.31
         ing_tri_real | 5,230,062.94
----------------------+-------------
2005             edad |        65.00
                mujer |         1.00
           educ_anios |        21.00
          prepa_o_mas |         1.00
                horas |       120.00
                rural |         1.00
          ing_mp_real | 3,230,830.28
         ing_tri_real | 9,718,854.42
----------------------+-------------
2006             edad |        65.00
                mujer |         1.00
           educ_anios |        21.00
          prepa_o_mas |         1.00
                horas |       168.00
                rural |         1.00
          ing_mp_real | 1,010,196.88
         ing_tri_real | 3,038,833.83
----------------------+-------------
2008             edad |        65.00
                mujer |         1.00
           educ_anios |        21.00
          prepa_o_mas |         1.00
                horas |       196.00
                rural |         1.00
          ing_mp_real | 3,068,052.91
         ing_tri_real | 9,277,476.26
----------------------+-------------
2010             edad |        65.00
                mujer |         1.00
           educ_anios |        24.00
          prepa_o_mas |         1.00
                horas |       171.00
                rural |         1.00
          ing_mp_real |   712,130.71
         ing_tri_real | 1,852,826.28
----------------------+-------------
2012             edad |        65.00
                mujer |         1.00
           educ_anios |        23.00
          prepa_o_mas |         1.00
                horas |       168.00
                rural |         1.00
          ing_mp_real |   453,872.24
         ing_tri_real | 1,420,817.42
----------------------+-------------
2014             edad |        65.00
                mujer |         1.00
           educ_anios |        23.00
          prepa_o_mas |         1.00
                horas |       192.00
                rural |         1.00
          ing_mp_real | 2,313,381.90
         ing_tri_real | 6,854,132.41
----------------------+-------------
2016             edad |        65.00
                mujer |         1.00
           educ_anios |        24.00
          prepa_o_mas |         1.00
                horas |       240.00
                rural |         1.00
          ing_mp_real |  19065001.41
         ing_tri_real |  55974469.71
----------------------+-------------
2018             edad |        65.00
                mujer |         1.00
           educ_anios |        24.00
          prepa_o_mas |         1.00
                horas |       285.00
                rural |         1.00
          ing_mp_real | 5,122,284.65
         ing_tri_real | 5,264,024.22
----------------------+-------------
2020             edad |        65.00
                mujer |         1.00
           educ_anios |        24.00
          prepa_o_mas |         1.00
                horas |       232.00
                rural |         1.00
          ing_mp_real | 4,848,276.49
         ing_tri_real |  14228637.52
----------------------+-------------
2022             edad |        65.00
                mujer |         1.00
           educ_anios |        24.00
          prepa_o_mas |         1.00
                horas |       224.00
                rural |         1.00
          ing_mp_real | 2,711,636.50
         ing_tri_real | 7,950,214.47
----------------------+-------------
2024             edad |        65.00
                mujer |         1.00
           educ_anios |        24.00
          prepa_o_mas |         1.00
                horas |       210.00
                rural |         1.00
          ing_mp_real | 6,123,020.46
         ing_tri_real |  17969733.95
----------------------+-------------
Total            edad |        65.00
                mujer |         1.00
           educ_anios |        24.00
          prepa_o_mas |         1.00
                horas |       285.00
                rural |         1.00
          ing_mp_real |  19065001.41
         ing_tri_real |  55974469.71
------------------------------------
. 
. *----------------------------------------------------------------------------
> --
. * 1.3.d ENOE 2005-I a 2026-II
. *----------------------------------------------------------------------------
> --
. use anio_enoe trimestre_enoe ent fac r_def c_res clase2 eda sex anios_esc ///
>     hrsocup ingocup t_loc t_loc_men p6b2 p6c using "$enoe/ENOE_todas.dta" ///
>     if inrange(eda, 25, 65), clear
. count
  16,537,797
. 
. * Filtros de INEGI: entrevista completa y residentes (habituales o nuevos)
. capture confirm numeric variable r_def
. if _rc destring r_def, replace
. tab r_def

 Resultado definitivo |
      de la entevista |      Freq.     Percent        Cum.
----------------------+-----------------------------------
  Entrevista completa | 16,527,058       99.94       99.94
Entrevista suspendida |     10,739        0.06      100.00
----------------------+-----------------------------------
                Total | 16,537,797      100.00
. keep if r_def == 0
(10,739 observations deleted)
. keep if inlist(c_res, 1, 3)
(0 observations deleted)
. count
  16,527,058
. 
. * Sin peso (factor 0) no representan población: se eliminan
. count if fac == 0 | missing(fac)
  0
. drop if fac == 0 | missing(fac)
(0 observations deleted)
. 
. * Escolaridad: 99 = no especificado
. replace anios_esc = . if anios_esc == 99
(28,049 real changes made, 28,049 to missing)
. * Horas e ingreso: 0 para quien no está ocupado
. replace hrsocup = 0 if missing(hrsocup) & clase2 != 1
(0 real changes made)
. replace ingocup = 0 if missing(ingocup) & clase2 != 1
(0 real changes made)
. 
. * Pesos reales de enero de 2026 (INPC promedio del trimestre)
. rename (anio_enoe trimestre_enoe) (anio trimestre)
. merge m:1 anio trimestre using `inpc_enoe', keep(master match) nogenerate

    Result                      Number of obs
    -----------------------------------------
    Not matched                             0
    Matched                        16,527,058  
    -----------------------------------------
. gen double ing_mp_real = ingocup * inpc_ene26 / inpc_trim
. 
. * Variables finales
. gen byte mujer = (sex == 2) if inlist(sex, 1, 2)
. count if missing(t_loc)
  0
. replace t_loc = t_loc_men if missing(t_loc)        // respaldo: tamaño de loc
> alidad mensual
(0 real changes made)
. gen byte rural = (t_loc == 4) if !missing(t_loc)
. rename (eda anios_esc hrsocup fac) (edad educ_anios horas factor)
. gen byte educ_nivel = .
(16,527,058 missing values generated)
. replace educ_nivel = 0 if educ_anios == 0
(664,058 real changes made)
. replace educ_nivel = 1 if inrange(educ_anios, 1, 5)
(1,436,900 real changes made)
. replace educ_nivel = 2 if inrange(educ_anios, 6, 8)
(3,070,206 real changes made)
. replace educ_nivel = 3 if inrange(educ_anios, 9, 11)
(4,770,988 real changes made)
. replace educ_nivel = 4 if inrange(educ_anios, 12, 15)
(3,397,544 real changes made)
. replace educ_nivel = 5 if educ_anios >= 16 & !missing(educ_anios)
(3,159,313 real changes made)
. gen byte prepa_o_mas = (educ_anios >= 12) if !missing(educ_anios)
(28,049 missing values generated)
. label values educ_nivel lnivel
. 
. * Sin valores faltantes en las variables de interés
. misstable summarize edad mujer educ_anios horas rural factor ing_mp_real
                                                               Obs<.
                                                +------------------------------
               |                                | Unique
      Variable |     Obs=.     Obs>.     Obs<.  | values        Min         Max
  -------------+--------------------------------+------------------------------
    educ_anios |    28,049            16499009  |     25          0          24
  -----------------------------------------------------------------------------
. foreach v in mujer educ_anios horas rural factor ing_mp_real {
  2.     count if missing(`v')
  3.     di as txt "  `v': se eliminan `r(N)' observaciones con valor faltante"
  4.     drop if missing(`v')
  5. }
  0
  mujer: se eliminan 0 observaciones con valor faltante
(0 observations deleted)
  28,049
  educ_anios: se eliminan 28049 observaciones con valor faltante
(28,049 observations deleted)
  0
  horas: se eliminan 0 observaciones con valor faltante
(0 observations deleted)
  0
  rural: se eliminan 0 observaciones con valor faltante
(0 observations deleted)
  0
  factor: se eliminan 0 observaciones con valor faltante
(0 observations deleted)
  0
  ing_mp_real: se eliminan 0 observaciones con valor faltante
(0 observations deleted)
. count
  16,499,009
. 
. gen int year = anio
. label var edad        "Edad"
. label var mujer       "Mujer"
. label var educ_anios  "Años de escolaridad"
. label var educ_nivel  "Nivel de escolaridad terminado"
. label var prepa_o_mas "Preparatoria completa o más"
. label var horas       "Horas trabajadas a la semana"
. label var rural       "Rural (<2,500 hab.)"
. label var factor      "Factor de expansión trimestral"
. label var ingocup     "Ingreso mensual (pesos corrientes)"
. label var ing_mp_real "Ingreso laboral mensual (pesos ene-2026)"
. drop sex t_loc t_loc_men r_def c_res inpc_trim
. order year anio trimestre ent edad mujer educ_anios educ_nivel prepa_o_mas ho
> ras ///
>       rural ing_mp_real ingocup p6b2 p6c clase2 factor
. compress
  variable anio was float now int
  variable trimestre was float now byte
  (82,495,045 bytes saved)
. save "$data/construidas/enoe_2005_2026_limpia.dta", replace
file C:/Users/lcastillo/Music/TAREA
    2/data/construidas/enoe_2005_2026_limpia.dta saved
. 
. * Verificación: estadísticos por año (en el log)
. tabstat edad mujer educ_anios prepa_o_mas horas rural ing_mp_real, ///
>     by(year) statistics(n mean sd min max) columns(statistics) format(%12.2fc
> ) longstub

year         Variable |            N         Mean           SD          Min
----------------------+----------------------------------------------------
2005             edad |   737,849.00        41.20        10.93        25.00
                mujer |   737,849.00         0.54         0.50         0.00
           educ_anios |   737,849.00         8.63         4.89         0.00
          prepa_o_mas |   737,849.00         0.31         0.46         0.00
                horas |   737,849.00        28.68        25.05         0.00
                rural |   737,849.00         0.15         0.36         0.00
          ing_mp_real |   737,849.00     6,817.75    12,643.21         0.00
----------------------+----------------------------------------------------
2006             edad |   751,950.00        41.35        10.94        25.00
                mujer |   751,950.00         0.54         0.50         0.00
           educ_anios |   751,950.00         8.81         4.87         0.00
          prepa_o_mas |   751,950.00         0.32         0.47         0.00
                horas |   751,950.00        28.82        24.93         0.00
                rural |   751,950.00         0.15         0.36         0.00
          ing_mp_real |   751,950.00     6,943.78    12,170.74         0.00
----------------------+----------------------------------------------------
2007             edad |   749,555.00        41.49        10.95        25.00
                mujer |   749,555.00         0.54         0.50         0.00
           educ_anios |   749,555.00         8.94         4.86         0.00
          prepa_o_mas |   749,555.00         0.33         0.47         0.00
                horas |   749,555.00        28.88        24.84         0.00
                rural |   749,555.00         0.15         0.36         0.00
          ing_mp_real |   749,555.00     6,926.50    12,335.74         0.00
----------------------+----------------------------------------------------
2008             edad |   745,383.00        41.65        10.98        25.00
                mujer |   745,383.00         0.54         0.50         0.00
           educ_anios |   745,383.00         9.01         4.83         0.00
          prepa_o_mas |   745,383.00         0.33         0.47         0.00
                horas |   745,383.00        28.89        24.84         0.00
                rural |   745,383.00         0.16         0.36         0.00
          ing_mp_real |   745,383.00     6,565.20    11,888.15         0.00
----------------------+----------------------------------------------------
2009             edad |   738,448.00        41.78        11.04        25.00
                mujer |   738,448.00         0.53         0.50         0.00
           educ_anios |   738,448.00         9.11         4.80         0.00
          prepa_o_mas |   738,448.00         0.34         0.47         0.00
                horas |   738,448.00        28.12        24.88         0.00
                rural |   738,448.00         0.16         0.37         0.00
          ing_mp_real |   738,448.00     5,848.64    10,287.96         0.00
----------------------+----------------------------------------------------
2010             edad |   743,764.00        41.86        11.08        25.00
                mujer |   743,764.00         0.53         0.50         0.00
           educ_anios |   743,764.00         9.23         4.78         0.00
          prepa_o_mas |   743,764.00         0.35         0.48         0.00
                horas |   743,764.00        28.23        24.85         0.00
                rural |   743,764.00         0.16         0.37         0.00
          ing_mp_real |   743,764.00     5,650.90     9,544.29         0.00
----------------------+----------------------------------------------------
2011             edad |   741,048.00        41.94        11.12        25.00
                mujer |   741,048.00         0.53         0.50         0.00
           educ_anios |   741,048.00         9.36         4.74         0.00
          prepa_o_mas |   741,048.00         0.35         0.48         0.00
                horas |   741,048.00        28.47        24.80         0.00
                rural |   741,048.00         0.16         0.37         0.00
          ing_mp_real |   741,048.00     5,422.15     9,212.75         0.00
----------------------+----------------------------------------------------
2012             edad |   742,735.00        42.10        11.14        25.00
                mujer |   742,735.00         0.53         0.50         0.00
           educ_anios |   742,735.00         9.48         4.71         0.00
          prepa_o_mas |   742,735.00         0.36         0.48         0.00
                horas |   742,735.00        28.77        24.81         0.00
                rural |   742,735.00         0.16         0.37         0.00
          ing_mp_real |   742,735.00     5,394.54     9,746.26         0.00
----------------------+----------------------------------------------------
2013             edad |   742,962.00        42.07        11.10        25.00
                mujer |   742,962.00         0.53         0.50         0.00
           educ_anios |   742,962.00         9.61         4.66         0.00
          prepa_o_mas |   742,962.00         0.37         0.48         0.00
                horas |   742,962.00        28.88        24.81         0.00
                rural |   742,962.00         0.15         0.36         0.00
          ing_mp_real |   742,962.00     5,257.51     9,731.49         0.00
----------------------+----------------------------------------------------
2014             edad |   765,550.00        42.06        11.06        25.00
                mujer |   765,550.00         0.53         0.50         0.00
           educ_anios |   765,550.00         9.71         4.61         0.00
          prepa_o_mas |   765,550.00         0.38         0.48         0.00
                horas |   765,550.00        28.82        24.71         0.00
                rural |   765,550.00         0.14         0.35         0.00
          ing_mp_real |   765,550.00     5,024.69     8,222.73         0.00
----------------------+----------------------------------------------------
2015             edad |   767,388.00        42.21        11.14        25.00
                mujer |   767,388.00         0.53         0.50         0.00
           educ_anios |   767,388.00         9.83         4.58         0.00
          prepa_o_mas |   767,388.00         0.39         0.49         0.00
                horas |   767,388.00        29.17        24.73         0.00
                rural |   767,388.00         0.14         0.35         0.00
          ing_mp_real |   767,388.00     5,072.15     8,244.47         0.00
----------------------+----------------------------------------------------
2016             edad |   759,571.00        42.32        11.20        25.00
                mujer |   759,571.00         0.53         0.50         0.00
           educ_anios |   759,571.00         9.92         4.57         0.00
          prepa_o_mas |   759,571.00         0.40         0.49         0.00
                horas |   759,571.00        29.42        24.71         0.00
                rural |   759,571.00         0.15         0.35         0.00
          ing_mp_real |   759,571.00     5,054.04     8,104.76         0.00
----------------------+----------------------------------------------------
2017             edad |   761,500.00        42.48        11.24        25.00
                mujer |   761,500.00         0.53         0.50         0.00
           educ_anios |   761,500.00        10.04         4.52         0.00
          prepa_o_mas |   761,500.00         0.40         0.49         0.00
                horas |   761,500.00        29.43        24.60         0.00
                rural |   761,500.00         0.14         0.35         0.00
          ing_mp_real |   761,500.00     4,859.60     7,911.18         0.00
----------------------+----------------------------------------------------
2018             edad |   765,475.00        42.65        11.31        25.00
                mujer |   765,475.00         0.53         0.50         0.00
           educ_anios |   765,475.00        10.18         4.47         0.00
          prepa_o_mas |   765,475.00         0.41         0.49         0.00
                horas |   765,475.00        29.56        24.51         0.00
                rural |   765,475.00         0.14         0.35         0.00
          ing_mp_real |   765,475.00     4,798.36     7,830.97         0.00
----------------------+----------------------------------------------------
2019             edad |   797,359.00        42.85        11.34        25.00
                mujer |   797,359.00         0.53         0.50         0.00
           educ_anios |   797,359.00        10.30         4.44         0.00
          prepa_o_mas |   797,359.00         0.43         0.49         0.00
                horas |   797,359.00        29.52        24.42         0.00
                rural |   797,359.00         0.14         0.34         0.00
          ing_mp_real |   797,359.00     5,016.49     8,001.16         0.00
----------------------+----------------------------------------------------
2020             edad |   535,895.00        43.02        11.41        25.00
                mujer |   535,895.00         0.53         0.50         0.00
           educ_anios |   535,895.00        10.50         4.42         0.00
          prepa_o_mas |   535,895.00         0.45         0.50         0.00
                horas |   535,895.00        27.55        24.62         0.00
                rural |   535,895.00         0.13         0.33         0.00
          ing_mp_real |   535,895.00     4,990.88     8,205.59         0.00
----------------------+----------------------------------------------------
2021             edad |   803,334.00        43.14        11.43        25.00
                mujer |   803,334.00         0.53         0.50         0.00
           educ_anios |   803,334.00        10.57         4.42         0.00
          prepa_o_mas |   803,334.00         0.46         0.50         0.00
                horas |   803,334.00        28.43        24.63         0.00
                rural |   803,334.00         0.14         0.34         0.00
          ing_mp_real |   803,334.00     4,959.48     8,033.16         0.00
----------------------+----------------------------------------------------
2022             edad |   812,431.00        43.25        11.46        25.00
                mujer |   812,431.00         0.53         0.50         0.00
           educ_anios |   812,431.00        10.68         4.40         0.00
          prepa_o_mas |   812,431.00         0.47         0.50         0.00
                horas |   812,431.00        29.48        24.37         0.00
                rural |   812,431.00         0.14         0.34         0.00
          ing_mp_real |   812,431.00     5,012.53     8,009.25         0.00
----------------------+----------------------------------------------------
2023             edad |   880,101.00        43.41        11.52        25.00
                mujer |   880,101.00         0.53         0.50         0.00
           educ_anios |   880,101.00        10.70         4.39         0.00
          prepa_o_mas |   880,101.00         0.47         0.50         0.00
                horas |   880,101.00        29.70        24.21         0.00
                rural |   880,101.00         0.15         0.35         0.00
          ing_mp_real |   880,101.00     5,199.80     8,317.37         0.00
----------------------+----------------------------------------------------
2024             edad |   865,766.00        43.53        11.52        25.00
                mujer |   865,766.00         0.54         0.50         0.00
           educ_anios |   865,766.00        10.79         4.39         0.00
          prepa_o_mas |   865,766.00         0.48         0.50         0.00
                horas |   865,766.00        29.46        24.03         0.00
                rural |   865,766.00         0.15         0.36         0.00
          ing_mp_real |   865,766.00     5,420.37     8,557.61         0.00
----------------------+----------------------------------------------------
2025             edad |   861,625.00        43.55        11.51        25.00
                mujer |   861,625.00         0.54         0.50         0.00
           educ_anios |   861,625.00        10.80         4.37         0.00
          prepa_o_mas |   861,625.00         0.48         0.50         0.00
                horas |   861,625.00        29.09        23.97         0.00
                rural |   861,625.00         0.16         0.37         0.00
          ing_mp_real |   861,625.00     5,117.96     8,459.98         0.00
----------------------+----------------------------------------------------
2026             edad |   429,320.00        43.62        11.56        25.00
                mujer |   429,320.00         0.53         0.50         0.00
           educ_anios |   429,320.00        10.87         4.34         0.00
          prepa_o_mas |   429,320.00         0.49         0.50         0.00
                horas |   429,320.00        28.68        23.78         0.00
                rural |   429,320.00         0.16         0.36         0.00
          ing_mp_real |   429,320.00     5,554.04     8,677.50         0.00
----------------------+----------------------------------------------------
Total            edad |  16499009.00        42.43        11.25        25.00
                mujer |  16499009.00         0.53         0.50         0.00
           educ_anios |  16499009.00         9.87         4.65         0.00
          prepa_o_mas |  16499009.00         0.40         0.49         0.00
                horas |  16499009.00        28.95        24.61         0.00
                rural |  16499009.00         0.15         0.36         0.00
          ing_mp_real |  16499009.00     5,487.35     9,418.94         0.00
---------------------------------------------------------------------------

year         Variable |          Max
----------------------+-------------
2005             edad |        65.00
                mujer |         1.00
           educ_anios |        24.00
          prepa_o_mas |         1.00
                horas |       168.00
                rural |         1.00
          ing_mp_real | 1,840,036.06
----------------------+-------------
2006             edad |        65.00
                mujer |         1.00
           educ_anios |        24.00
          prepa_o_mas |         1.00
                horas |       168.00
                rural |         1.00
          ing_mp_real | 1,641,760.60
----------------------+-------------
2007             edad |        65.00
                mujer |         1.00
           educ_anios |        24.00
          prepa_o_mas |         1.00
                horas |       168.00
                rural |         1.00
          ing_mp_real | 1,490,996.71
----------------------+-------------
2008             edad |        65.00
                mujer |         1.00
           educ_anios |        24.00
          prepa_o_mas |         1.00
                horas |       168.00
                rural |         1.00
          ing_mp_real | 1,821,654.24
----------------------+-------------
2009             edad |        65.00
                mujer |         1.00
           educ_anios |        24.00
          prepa_o_mas |         1.00
                horas |       168.00
                rural |         1.00
          ing_mp_real | 1,629,076.95
----------------------+-------------
2010             edad |        65.00
                mujer |         1.00
           educ_anios |        24.00
          prepa_o_mas |         1.00
                horas |       168.00
                rural |         1.00
          ing_mp_real |   927,930.75
----------------------+-------------
2011             edad |        65.00
                mujer |         1.00
           educ_anios |        24.00
          prepa_o_mas |         1.00
                horas |       168.00
                rural |         1.00
          ing_mp_real |   961,046.91
----------------------+-------------
2012             edad |        65.00
                mujer |         1.00
           educ_anios |        24.00
          prepa_o_mas |         1.00
                horas |       168.00
                rural |         1.00
          ing_mp_real | 1,633,169.51
----------------------+-------------
2013             edad |        65.00
                mujer |         1.00
           educ_anios |        24.00
          prepa_o_mas |         1.00
                horas |       168.00
                rural |         1.00
          ing_mp_real | 1,335,861.14
----------------------+-------------
2014             edad |        65.00
                mujer |         1.00
           educ_anios |        24.00
          prepa_o_mas |         1.00
                horas |       168.00
                rural |         1.00
          ing_mp_real |   423,617.57
----------------------+-------------
2015             edad |        65.00
                mujer |         1.00
           educ_anios |        24.00
          prepa_o_mas |         1.00
                horas |       168.00
                rural |         1.00
          ing_mp_real |   494,213.96
----------------------+-------------
2016             edad |        65.00
                mujer |         1.00
           educ_anios |        23.00
          prepa_o_mas |         1.00
                horas |       168.00
                rural |         1.00
          ing_mp_real |   600,891.86
----------------------+-------------
2017             edad |        65.00
                mujer |         1.00
           educ_anios |        24.00
          prepa_o_mas |         1.00
                horas |       168.00
                rural |         1.00
          ing_mp_real |   367,965.11
----------------------+-------------
2018             edad |        65.00
                mujer |         1.00
           educ_anios |        24.00
          prepa_o_mas |         1.00
                horas |       168.00
                rural |         1.00
          ing_mp_real |   553,254.76
----------------------+-------------
2019             edad |        65.00
                mujer |         1.00
           educ_anios |        24.00
          prepa_o_mas |         1.00
                horas |       168.00
                rural |         1.00
          ing_mp_real |   347,319.74
----------------------+-------------
2020             edad |        65.00
                mujer |         1.00
           educ_anios |        24.00
          prepa_o_mas |         1.00
                horas |       168.00
                rural |         1.00
          ing_mp_real |   399,564.65
----------------------+-------------
2021             edad |        65.00
                mujer |         1.00
           educ_anios |        24.00
          prepa_o_mas |         1.00
                horas |       168.00
                rural |         1.00
          ing_mp_real |   317,114.01
----------------------+-------------
2022             edad |        65.00
                mujer |         1.00
           educ_anios |        24.00
          prepa_o_mas |         1.00
                horas |       168.00
                rural |         1.00
          ing_mp_real |   342,101.54
----------------------+-------------
2023             edad |        65.00
                mujer |         1.00
           educ_anios |        24.00
          prepa_o_mas |         1.00
                horas |       168.00
                rural |         1.00
          ing_mp_real |   482,653.76
----------------------+-------------
2024             edad |        65.00
                mujer |         1.00
           educ_anios |        24.00
          prepa_o_mas |         1.00
                horas |       168.00
                rural |         1.00
          ing_mp_real |   248,718.06
----------------------+-------------
2025             edad |        65.00
                mujer |         1.00
           educ_anios |        24.00
          prepa_o_mas |         1.00
                horas |       168.00
                rural |         1.00
          ing_mp_real |   264,588.87
----------------------+-------------
2026             edad |        65.00
                mujer |         1.00
           educ_anios |        24.00
          prepa_o_mas |         1.00
                horas |       168.00
                rural |         1.00
          ing_mp_real |   248,457.09
----------------------+-------------
Total            edad |        65.00
                mujer |         1.00
           educ_anios |        24.00
          prepa_o_mas |         1.00
                horas |       168.00
                rural |         1.00
          ing_mp_real | 1,840,036.06
------------------------------------
. }   // fin de 1.3.c y 1.3.d

. 
. *----------------------------------------------------------------------------
> --
. * 1.3.e Cuadros 1 y 2 (fuera del interruptor: se leen de las bases limpias)
. *----------------------------------------------------------------------------
> --
. * ENIGH
. use year edad mujer educ_anios prepa_o_mas horas rural ing_mp_real ing_tri_re
> al factor ///
>     using "$data/construidas/enigh_1992_2024_limpia.dta", clear

. gen double ing_mp_pos  = ing_mp_real  if ing_mp_real  > 0
(358,285 missing values generated)

. gen double ing_tri_pos = ing_tri_real if ing_tri_real > 0
(329,765 missing values generated)

. bysort year: gen long n_obs = _N

. label var n_obs       "Observaciones"

. label var edad        "Edad"

. label var mujer       "Mujer"

. label var educ_anios  "Escolaridad (años)"

. label var prepa_o_mas "Prepa o más"

. label var horas       "Horas/semana"

. label var rural       "Rural"

. label var ing_mp_pos  "Ingreso mes pasado*"

. label var ing_tri_pos "Ingreso trimestral*"

. 
. table year [aw=factor], statistic(mean n_obs edad mujer educ_anios prepa_o_ma
> s horas rural ing_mp_pos ing_tri_pos) nototals

------------------------------------------------------------------------------------------------------------------------------------------------------
       |  Observaciones       Edad      Mujer   Escolaridad (años)   Prepa o más   Horas/semana      Rural   Ingreso mes pasado*   Ingreso trimestral*
-------+----------------------------------------------------------------------------------------------------------------------------------------------
year   |                                                                                                                                              
  1992 |          18533   39.81951   .5217949             5.977496      .1487845       28.57042   .2323148              14654.95               41749.8
  1994 |          22718   40.31279   .5211317             6.184336       .167733       29.64004   .2335939              14834.37              42999.68
  1996 |          25119   39.79882   .5271563             6.597866      .1769768       30.61167   .2193319              10194.93              29449.75
  1998 |          19318   40.36776   .5253452             7.750935       .204315       30.64111   .2193956              11059.76              31956.28
  2000 |          17863   40.61433   .5244892             8.208256      .2235327       30.85751   .2225488              12382.29              36604.49
  2002 |          30652   41.00539   .5342706             7.411716      .2124413        31.3007   .2214276              11895.99              34821.79
  2004 |          40527   40.92273   .5364975             7.963748      .2609152       32.25015   .2142763               12047.9              34880.05
  2005 |          41290   41.32489   .5339723             8.106324      .2743054       32.36969   .2139383              12102.05              35176.65
  2006 |          36239   40.94777    .542268             8.315195      .2812036        33.4996   .2082501              12500.53               36638.3
  2008 |          53317    41.5804   .5317053             8.323402        .27804       31.60416   .2061359              12984.43              38447.83
  2010 |          49282   41.81671   .5325549             8.694248      .3049481        31.8337   .2037147              11436.44              33442.59
  2012 |          15336   42.20299   .5251065             8.848098       .314224       33.29502   .2070825              11279.98               32224.8
  2014 |          34329   42.18185   .5298914              9.15269      .3380332       32.63249   .2085129              11355.79              32314.09
  2016 |         121907   42.26316   .5331851             9.419816      .3509798       34.42145   .2087996              12242.46              35310.66
  2018 |         129410   42.57421    .529828             9.659349      .3725822       34.68647   .2224603                 11584              33267.74
  2020 |         155448   43.00363   .5306103             9.928667      .3987585       32.30691   .2094613              10997.94              30264.81
  2022 |         154793   43.27791   .5372388             10.11176      .4159576       34.66793   .2255103              11695.42              34041.47
  2024 |         155241   43.43255   .5377387             10.41976      .4457407       34.21396   .1998798              12838.04              37574.27
------------------------------------------------------------------------------------------------------------------------------------------------------

. estilo_cuadro

. collect style cell var[n_obs], nformat(%12.0fc)

. collect style cell var[edad mujer educ_anios prepa_o_mas horas rural], nforma
> t(%9.2f)

. collect style cell var[ing_mp_pos ing_tri_pos], nformat(%12.0fc)

. collect label dim year "Año", modify

. collect title "Cuadro 1. ENIGH 1992-2024: características de la población de 
> 25 a 65 años"

. exporta_cuadro, archivo("$out/Cuadro1_ENIGH_descriptivos") ///
>     nota("Nota: medias ponderadas con el factor de expansión; Observaciones: 
> personas en la muestra (sin ponderar). Mujer, Prepa o más y Rural son proporc
> iones; Rural: localidades de menos de 2,500 habitantes. *Ingresos laborales e
> n pesos de enero de 2026 (INPC de agosto de cada año); promedio entre quienes
>  reportan ingreso positivo.") ///
>     fuente("Fuente: elaboración propia con datos de la ENIGH (INEGI), 1992-20
> 24.")
(collection Table exported to file C:/Users/lcastillo/Music/TAREA
 2/papers/output/Cuadro1_ENIGH_descriptivos.xlsx)
(collection Table posted to putdocx)
successfully replaced "C:/Users/lcastillo/Music/TAREA 2/papers/output/Cuadro1_E
> NIGH_descriptivos.docx"

. 
. * ENOE
. use year edad mujer educ_anios prepa_o_mas horas rural ing_mp_real factor ///
>     using "$data/construidas/enoe_2005_2026_limpia.dta", clear

. gen double ing_mp_pos = ing_mp_real if ing_mp_real > 0
(8,109,715 missing values generated)

. bysort year: gen long n_obs = _N

. label var n_obs       "Observaciones"

. label var edad        "Edad"

. label var mujer       "Mujer"

. label var educ_anios  "Escolaridad (años)"

. label var prepa_o_mas "Prepa o más"

. label var horas       "Horas/semana"

. label var rural       "Rural"

. label var ing_mp_pos  "Ingreso mensual*"

. 
. table year [aw=factor], statistic(mean n_obs edad mujer educ_anios prepa_o_ma
> s horas rural ing_mp_pos) nototals

-----------------------------------------------------------------------------------------------------------------------------
       |  Observaciones       Edad      Mujer   Escolaridad (años)   Prepa o más   Horas/semana      Rural   Ingreso mensual*
-------+---------------------------------------------------------------------------------------------------------------------
year   |                                                                                                                     
  2005 |         737849   41.28904   .5374569             8.063218       .268245       28.03641   .2124298           11212.86
  2006 |         751950   41.30534   .5368413             8.221269      .2769068       28.34511   .2100393           11464.37
  2007 |         749555   41.47796   .5380863             8.338295       .283665       28.12924   .2080051           11513.44
  2008 |         745383   41.56517   .5351428             8.420146      .2871444       28.22731   .2036305           11162.71
  2009 |         738448   41.71778   .5342411             8.629558      .3018404       27.67055   .2014051           10438.89
  2010 |         743764   41.75405   .5324617             8.755161      .3097822       27.75738   .1998325           10124.76
  2011 |         741048    41.8436   .5313116             8.906064      .3211597       27.99813   .2023739           9961.904
  2012 |         742735    42.0532   .5319649             9.045528      .3296735       28.39889   .2016502            9840.26
  2013 |         742962   42.10641   .5311521              9.16677      .3379374       28.41285   .2035826           9735.177
  2014 |         765550   42.19578   .5326208             9.228551      .3416936       28.25827    .203733           9284.603
  2015 |         767388   42.28106   .5320235              9.32178      .3472664       28.51777   .2056573           9405.693
  2016 |         759571    42.3786   .5317686             9.422845      .3572218       28.77196   .2063276           9527.631
  2017 |         761500   42.49967   .5328623             9.573838      .3674513       28.82945   .2063722            9375.62
  2018 |         765475   42.64148   .5320989             9.745863      .3819179       29.00652   .2079195            9372.88
  2019 |         797359   42.84655   .5308724             9.823831      .3881687       29.05162   .2072696           9479.432
  2020 |         535895   42.96722   .5302025             10.02389      .4067752       26.91017   .2093797            9696.32
  2021 |         803334   43.15689   .5318161             10.14684        .42002       27.88133    .208624            9830.98
  2022 |         812431    43.2467     .53437             10.21918      .4296605       29.02931    .207908           9798.322
  2023 |         880101   43.38641   .5361921             10.28438      .4356363       29.30169   .2083392           10275.06
  2024 |         865766   43.51437   .5365758             10.39973      .4470539       29.08536   .2050366           10851.99
  2025 |         861625   43.62159   .5368529             10.50811      .4586541       28.78506   .1955812           11198.35
  2026 |         429320    43.6382   .5362501             10.59287      .4668082       28.37777   .1945576           11614.53
-----------------------------------------------------------------------------------------------------------------------------

. estilo_cuadro

. collect style cell var[n_obs], nformat(%12.0fc)

. collect style cell var[edad mujer educ_anios prepa_o_mas horas rural], nforma
> t(%9.2f)

. collect style cell var[ing_mp_pos], nformat(%12.0fc)

. collect label dim year "Año", modify

. collect title "Cuadro 2. ENOE 2005-2026: características de la población de 2
> 5 a 65 años"

. exporta_cuadro, archivo("$out/Cuadro2_ENOE_descriptivos") ///
>     nota("Nota: medias ponderadas con el factor de expansión trimestral; Obse
> rvaciones: personas en la muestra (sin ponderar). Todos los trimestres de cad
> a año (2020-II no disponible; 2026 incluye I y II). Mujer, Prepa o más y Rura
> l son proporciones. *Ingreso laboral mensual en pesos de enero de 2026 (INPC 
> promedio del trimestre); promedio entre quienes reportan ingreso positivo.") 
> ///
>     fuente("Fuente: elaboración propia con datos de la ENOE (INEGI), 2005-202
> 6.")
(collection Table exported to file C:/Users/lcastillo/Music/TAREA
 2/papers/output/Cuadro2_ENOE_descriptivos.xlsx)
(collection Table posted to putdocx)
successfully replaced "C:/Users/lcastillo/Music/TAREA 2/papers/output/Cuadro2_E
> NOE_descriptivos.docx"

. 
. 
. /*===========================================================================
> ===
>   Programa auxiliar para las gráficas por grupo (inciso 1.8)
>   Dos paneles (Hombres | Mujeres) con el mismo eje y; en cada panel una línea
>   por grupo de edad y escolaridad y el total de la población en negro.
> =============================================================================
> =*/
. capture program drop graf_grupos

. program define graf_grupos
  1.     syntax varname, YTItulo(string) ARchivo(string) NOta(string asis) ///
>            XLab(string) [FOrmato(string)]
  2.     if "`formato'" == "" local formato "%9.0fc"
  3.     preserve
  4.         keep year grupo sexo_g sub_g `varlist'
  5.         expand 2 if grupo == 9, generate(copia)       // el total aparece 
> en ambos paneles
  6.         gen byte panel = sexo_g
  7.         replace panel = 1 + copia if grupo == 9
  8.         label define lpanel 1 "Hombres" 2 "Mujeres", replace
  9.         label values panel lpanel
 10.         sort panel sub_g year
 11.         twoway (connected `varlist' year if sub_g == 1, lcolor("$c1") mcol
> or("$c1") msymbol(O) msize(small) lwidth(medthin)) ///
>                (connected `varlist' year if sub_g == 2, lcolor("$c2") mcolor(
> "$c2") msymbol(O) msize(small) lwidth(medthin)) ///
>                (connected `varlist' year if sub_g == 3, lcolor("$c3") mcolor(
> "$c3") msymbol(O) msize(small) lwidth(medthin)) ///
>                (connected `varlist' year if sub_g == 4, lcolor("$c4") mcolor(
> "$c4") msymbol(O) msize(small) lwidth(medthin)) ///
>                (line      `varlist' year if sub_g == 5, lcolor(black) lwidth(
> thick)), ///
>             by(panel, rows(1) iscale(1) imargin(medium) note(`nota', size(sma
> ll) span) ///
>                legend(position(6)) graphregion(color(white) margin(small))) /
> //
>             subtitle(, size($gtam) fcolor(white) lcolor(white)) ///
>             ytitle("`ytitulo'", size($gtam)) xtitle("Año", size($gtam)) ///
>             xlabel(`xlab', labsize($gtam) nogrid) ///
>             ylabel(, labsize($gtam) angle(horizontal) format(`formato') grid 
> glcolor(gs14)) ///
>             legend(order(1 "25-45, sin prepa" 2 "25-45, prepa o más" 3 "46-65
> , sin prepa" ///
>                          4 "46-65, prepa o más" 5 "Total de la población") //
> /
>                    rows(2) size(small) region(lcolor(white))) ///
>             plotregion(color(white) lcolor(none)) xsize(6.5) ysize(4.5)
 12.         graph export "`archivo'", width(2400) replace
 13.     restore
 14. end

. 
. 
. /*===========================================================================
> ===
>   INCISOS 1.4 a 1.9 — se repiten para la ENIGH y para la ENOE
> =============================================================================
> =*/
. foreach enc in enigh enoe {
  2. 
.     if "`enc'" == "enigh" {
  3.         use "$data/construidas/enigh_1992_2024_limpia.dta", clear
  4.         local ENC    "ENIGH"
  5.         local xl     "1992(8)2024"
  6.         local fuente "Fuente: elaboración propia con datos de la ENIGH (IN
> EGI), 1992-2024."
  7.         local nc     = 3                                  // numeración de
>  cuadros
  8.     }
  9.     else {
 10.         use "$data/construidas/enoe_2005_2026_limpia.dta", clear
 11.         local ENC    "ENOE"
 12.         local xl     "2005(5)2025"
 13.         local fuente "Fuente: elaboración propia con datos de la ENOE (INE
> GI), 2005-2026; todos los trimestres, sin ETOE."
 14.         local nc     = 7
 15.     }
 16.     di _n as res "=====================  `ENC': incisos 1.4 a 1.9  =======
> =============="
 17. 
.     *------------------------------------------------------------------------
> --
.     * 1.4 Ocho grupos: sexo x edad (25-45, 46-65) x escolaridad (< prepa, >= 
> prepa)
.     *------------------------------------------------------------------------
> --
.     capture drop edad_g grupo
 18.     gen byte edad_g = (edad >= 46)
 19.     gen byte grupo  = 1 + 4*mujer + 2*edad_g + prepa_o_mas
 20.     label define lgrupo 1 "Hombres, 25-45, sin prepa"   2 "Hombres, 25-45,
>  prepa o más" ///
>                         3 "Hombres, 46-65, sin prepa"   4 "Hombres, 46-65, pr
> epa o más" ///
>                         5 "Mujeres, 25-45, sin prepa"   6 "Mujeres, 25-45, pr
> epa o más" ///
>                         7 "Mujeres, 46-65, sin prepa"   8 "Mujeres, 46-65, pr
> epa o más" ///
>                         9 "Total", replace
 21.     label values grupo lgrupo
 22.     label var grupo "Grupo sexo-edad-escolaridad"
 23.     tab grupo
 24. 
.     *------------------------------------------------------------------------
> --
.     * 1.5 Salario válido y variable trabajo
.     *   999998/999999 = no sabe/no responde -> faltante (antes de pasar a rea
> l)
.     *   Salario 0 -> tampoco se usa
.     *------------------------------------------------------------------------
> --
.     capture drop salario_nom salario trabajo
 25.     if "`enc'" == "enigh" {
 26.         gen double salario_nom = ing_lab_mp
 27.     }
 28.     else {
 29.         capture destring p6b2, replace
 30.         di as txt "ENOE: p6b2 = 999998 (no sabe) y 999999 (no responde), p
> or año"
 31.         gen byte no_sabe  = (p6b2 == 999998)
 32.         gen byte no_resp  = (p6b2 == 999999)
 33.         table year, statistic(sum no_sabe no_resp) nformat(%12.0fc)
 34.         gen double salario_nom = ingocup
 35.         replace salario_nom = . if inlist(p6b2, 999998, 999999)
 36.         drop no_sabe no_resp
 37.         di as txt "ENOE: proporción de ocupados con ingreso 0 (no declaran
>  monto), ponderada"
 38.         gen byte ocup_ing0 = (ingocup == 0) if clase2 == 1
 39.         table year [aw=factor], statistic(mean ocup_ing0) nformat(%5.3f)
 40.         table trimestre year [aw=factor] if year >= 2023, statistic(mean o
> cup_ing0) nformat(%5.3f)
 41.         drop ocup_ing0
 42.     }
 43.     if "`enc'" == "enoe" {
 44.         count if salario_nom >= 999998 & !missing(salario_nom)
 45.         replace salario_nom = . if salario_nom >= 999998
 46.     }
 47.     count if salario_nom == 0
 48.     di as txt "`ENC': salarios iguales a cero que no se usan = `r(N)'"
 49.     replace salario_nom = . if salario_nom == 0
 50.     gen double salario = ing_mp_real if !missing(salario_nom)     // pesos
>  de enero 2026
 51.     gen byte trabajo = !missing(salario)
 52.     label var salario "Salario mensual (pesos de enero de 2026)"
 53.     label var trabajo "Trabajador: salario válido (1=sí)"
 54.     drop salario_nom
 55. 
.     *------------------------------------------------------------------------
> --
.     * 1.6 Salario por hora y censura en 1 y 5,000
.     *------------------------------------------------------------------------
> --
.     capture drop w_hora ln_w cens_bajo cens_alto muestra_w
 56.     gen double w_hora = salario / (horas * 4.33) if horas > 0 & !missing(s
> alario)
 57.     count if !missing(salario) & (horas == 0 | missing(horas))
 58.     di as txt "`ENC': salario válido pero 0 horas (sin salario por hora) =
>  `r(N)'"
 59.     gen byte cens_bajo = (w_hora < 1)
 60.     gen byte cens_alto = (w_hora > 5000 & !missing(w_hora))
 61.     di as txt "`ENC': observaciones censuradas por año"
 62.     table year, statistic(sum cens_bajo cens_alto) statistic(count w_hora)
>  nformat(%12.0fc)
 63.     count if cens_bajo
 64.     di as res "`ENC': salarios por hora < 1 cambiados a 1 = `r(N)'"
 65.     count if cens_alto
 66.     di as res "`ENC': salarios por hora > 5,000 cambiados a 5,000 = `r(N)'
> "
 67.     replace w_hora = 1    if cens_bajo
 68.     replace w_hora = 5000 if cens_alto
 69.     gen double ln_w = ln(w_hora)
 70.     gen byte muestra_w = !missing(w_hora)
 71.     label var w_hora    "Salario por hora (pesos de enero de 2026)"
 72.     label var ln_w      "Log del salario por hora"
 73.     label var muestra_w "Salario por hora válido (1=sí)"
 74.     label var cens_bajo "Salario por hora censurado en 1"
 75.     label var cens_alto "Salario por hora censurado en 5,000"
 76. 
.     compress
 77.     save "$data/construidas/`enc'_limpia_salarios.dta", replace
 78. 
.     *------------------------------------------------------------------------
> --
.     * 1.7 Box plots del log del salario por hora (ponderados)
.     *------------------------------------------------------------------------
> --
.     * Etiquetas del eje x: cada 4 años (ENIGH) o cada 5 (ENOE); las demás en 
> blanco
.     levelsof year if muestra_w, local(anios)
 79.     local rl ""
 80.     local i = 0
 81.     foreach a of local anios {
 82.         local ++i
 83.         if ("`enc'" == "enigh" & mod(`a' - 1992, 4) == 0) | ("`enc'" == "e
> noe" & mod(`a', 5) == 0) {
 84.             local rl `rl' `i' "`a'"
 85.         }
 86.         else {
 87.             local rl `rl' `i' " "
 88.         }
 89.     }
 90. 
.     local opbox over(year, relabel(`rl') label(labsize($gtam))) ///
>         box(1, fcolor("$c1%35") lcolor("$c1")) medtype(line) medline(lcolor("
> $c1") lwidth(medthick)) ///
>         ytitle("Log del salario por hora", size($gtam)) b1title("Año", size($
> gtam)) ///
>         ylabel(, labsize($gtam) angle(horizontal) format(%3.0f) grid glcolor(
> gs14)) ///
>         $gfig
 91. 
.     graph box ln_w [aw=factor] if muestra_w, `opbox' ///
>         marker(1, msymbol(point) mcolor(gs10)) ///
>         note("Nota: caja = percentiles 25 a 75; línea interior = mediana; big
> otes = 1.5 veces el rango intercuartil." ///
>              "Puntos = valores atípicos. Ponderado con el factor de expansión
> ." ///
>              "`fuente'", size(small) span)
 92.     graph export "$out/Fig_1_7_`enc'_boxplot_con_atipicos.png", width(2400
> ) replace
 93. 
.     graph box ln_w [aw=factor] if muestra_w, `opbox' nooutsides ///
>         note("Nota: caja = percentiles 25 a 75; línea interior = mediana; big
> otes = 1.5 veces el rango intercuartil." ///
>              "No se grafican los valores atípicos. Ponderado con el factor de
>  expansión." ///
>              "`fuente'", size(small) span)
 94.     graph export "$out/Fig_1_7_`enc'_boxplot_sin_atipicos.png", width(2400
> ) replace
 95. 
.     *------------------------------------------------------------------------
> --
.     * 1.8.a aweight vs fweight (salario por hora, por año)
.     *------------------------------------------------------------------------
> --
.     capture noisily summarize w_hora [fw=factor] if muestra_w
 96.     if _rc di as err "`ENC': fweight no se puede usar con el factor origin
> al (no es entero)."
 97.     else  di as res "`ENC': el factor original ya es entero; fweight sí se
>  puede usar."
 98.     capture drop factor_int
 99.     gen long factor_int = round(factor)
100. 
.     tempname pf
101.     tempfile cmp
102.     postfile `pf' int year double(media_aw ee_aw n_aw media_fw ee_fw n_fw)
>  using `cmp', replace
103.     levelsof year if muestra_w, local(anios)
104.     foreach a of local anios {
105.         quietly mean w_hora [aw=factor] if muestra_w & year == `a'
106.         matrix T = r(table)
107.         local m1 = T[1,1]
108.         local s1 = T[2,1]
109.         local n1 = e(N)
110.         quietly mean w_hora [fw=factor_int] if muestra_w & year == `a'
111.         matrix T = r(table)
112.         post `pf' (`a') (`m1') (`s1') (`n1') (T[1,1]) (T[2,1]) (e(N))
113.     }
114.     postclose `pf'
115.     preserve
116.         use `cmp', clear
117.         label var year     "Año"
118.         label var media_aw "Media (aweight)"
119.         label var ee_aw    "Error estándar (aweight)"
120.         label var n_aw     "N (aweight)"
121.         label var media_fw "Media (fweight)"
122.         label var ee_fw    "Error estándar (fweight)"
123.         label var n_fw     "N (fweight)"
124.         list, noobs abbreviate(12) separator(0)
125.         * Formato largo: un renglón por año y tipo de peso (encabezado en 
> dos niveles)
.         rename (media_aw ee_aw n_aw media_fw ee_fw n_fw) (media1 ee1 n1 media
> 2 ee2 n2)
126.         reshape long media ee n, i(year) j(metodo)
127.         label define lmet 1 "aweight" 2 "fweight", replace
128.         label values metodo lmet
129.         label var media "Media"
130.         label var ee    "Error estándar"
131.         label var n     "N"
132.         table (year) (metodo var), statistic(mean media ee n) nototals
133.         estilo_cuadro
134.         collect style header metodo, title(hide)
135.         collect style cell var[media], nformat(%9.2f)
136.         collect style cell var[ee], nformat(%9.4f)
137.         collect style cell var[n], nformat(%15.0fc)
138.         collect label dim year "Año", modify
139.         collect title "Cuadro `nc'. `ENC': salario por hora promedio con a
> weight y fweight (pesos de enero de 2026)"
140.         exporta_cuadro, archivo("$out/Cuadro`nc'_`enc'_aweight_fweight") /
> //
>             nota("Nota: fweight usa el factor de expansión redondeado a enter
> o. N: observaciones de la muestra (aweight) o población representada (fweight
> ).") ///
>             fuente("`fuente'")
141.     restore
142. 
.     *------------------------------------------------------------------------
> --
.     * 1.8.b y 1.9 Medias ponderadas por año y grupo (aweight)
.     *   Salario y salario por hora: solo quienes tienen salario por hora váli
> do
.     *   Proporción de trabajadores: toda la población de 25 a 65 años
.     *------------------------------------------------------------------------
> --
.     preserve
143.         collapse (mean) w_hora salario [aw=factor] if muestra_w, by(year g
> rupo)
144.         tempfile g1
145.         save `g1'
146.     restore
147.     preserve
148.         collapse (mean) w_hora salario [aw=factor] if muestra_w, by(year)
149.         gen byte grupo = 9
150.         append using `g1'
151.         tempfile g2
152.         save `g2'
153.     restore
154.     preserve
155.         collapse (mean) trabajo [aw=factor], by(year grupo)
156.         tempfile g3
157.         save `g3'
158.     restore
159.     preserve
160.         collapse (mean) trabajo [aw=factor], by(year)
161.         gen byte grupo = 9
162.         append using `g3'
163.         merge 1:1 year grupo using `g2', nogenerate
164.         replace trabajo = 100 * trabajo
165.         label values grupo lgrupo
166.         gen byte sexo_g = cond(grupo <= 4, 1, cond(grupo <= 8, 2, 3))
167.         gen byte sub_g  = cond(grupo == 9, 5, mod(grupo - 1, 4) + 1)
168.         label define lsexo 1 "Hombres" 2 "Mujeres" 3 "Total", replace
169.         label define lsub  1 "25-45, sin prepa" 2 "25-45, prepa o más" ///
>                            3 "46-65, sin prepa" 4 "46-65, prepa o más" 5 "Tod
> os", replace
170.         label values sexo_g lsexo
171.         label values sub_g lsub
172.         * Dimensiones para el encabezado de los cuadros: sexo > edad > esc
> olaridad
.         gen byte edad_c = cond(grupo == 9, 3, cond(inlist(sub_g, 1, 2), 1, 2)
> )
173.         gen byte educ_c = cond(grupo == 9, 3, cond(inlist(sub_g, 1, 3), 1,
>  2))
174.         label define lsexoc 1 "Hombres" 2 "Mujeres" 3 " ", replace
175.         label define ledadc 1 "25-45 años" 2 "46-65 años" 3 "Total", repla
> ce
176.         label define leducc 1 "Sin prepa" 2 "Prepa o más" 3 " ", replace
177.         label values edad_c ledadc
178.         label values educ_c leducc
179.         label var w_hora  "Salario por hora"
180.         label var salario "Salario mensual"
181.         label var trabajo "Trabajadores (%)"
182.         sort grupo year
183.         save "$data/construidas/`enc'_resultados_grupos.dta", replace
184. 
.         * Cuadros (años en renglones; sexo y grupo en columnas)
.         local k = 0
185.         foreach v in w_hora salario trabajo {
186.             local ++k
187.             local n = `nc' + `k'
188.             if "`v'" == "w_hora"  local tit "salario por hora promedio por
>  grupo (pesos de enero de 2026)"
189.             if "`v'" == "salario" local tit "salario mensual promedio por 
> grupo (pesos de enero de 2026)"
190.             if "`v'" == "trabajo" local tit "porcentaje de trabajadores (c
> on salario válido) por grupo"
191.             if "`v'" == "w_hora"  local fmt "%9.1f"
192.             if "`v'" == "salario" local fmt "%12.0fc"
193.             if "`v'" == "trabajo" local fmt "%9.1f"
194.             label values sexo_g lsexoc
195.             table (year) (sexo_g edad_c educ_c), statistic(mean `v') notot
> als nformat(`fmt')
196.             estilo_cuadro, size(8)
197.             collect style header sexo_g edad_c educ_c, title(hide)
198.             capture noisily collect style header sexo_g[3] educ_c[3], leve
> l(hide)
199.             collect label dim year "Año", modify
200.             collect title "Cuadro `n'. `ENC': `tit'"
201.             if "`v'" != "trabajo" local nt "Nota: medias ponderadas con el
>  factor de expansión (aweight); personas de 25 a 65 años con salario por hora
>  válido. Prepa o más: preparatoria completa (12 años de escolaridad o más)."
202.             else local nt "Nota: medias ponderadas con el factor de expans
> ión (aweight); población de 25 a 65 años. Trabajador: salario positivo y decl
> arado. Prepa o más: preparatoria completa (12 años de escolaridad o más)."
203.             exporta_cuadro, archivo("$out/Cuadro`n'_`enc'_`v'_grupos") not
> a("`nt'") fuente("`fuente'")
204.         }
205.         label values sexo_g lsexo
206. 
.         * Gráficas por grupo (inciso 1.8)
.         graf_grupos w_hora, ytitulo("Pesos por hora (enero de 2026)") ///
>             archivo("$out/Fig_1_8_`enc'_salario_hora_grupos.png") xlab(`xl') 
> formato("%9.0f") ///
>             nota("Nota: medias ponderadas con el factor de expansión (aweight
> ); personas de 25 a 65 años" ///
>                  "con salario por hora válido. Prepa o más: preparatoria comp
> leta (12 años de escolaridad o más)." ///
>                  "`fuente'")
207.         graf_grupos salario, ytitulo("Pesos al mes (enero de 2026)") ///
>             archivo("$out/Fig_1_8_`enc'_salario_mensual_grupos.png") xlab(`xl
> ') ///
>             nota("Nota: medias ponderadas con el factor de expansión (aweight
> ); personas de 25 a 65 años" ///
>                  "con salario por hora válido. Prepa o más: preparatoria comp
> leta (12 años de escolaridad o más)." ///
>                  "`fuente'")
208.     restore
209. }

=====================  ENIGH: incisos 1.4 a 1.9  =====================

Grupo sexo-edad-escolaridad |      Freq.     Percent        Cum.
----------------------------+-----------------------------------
  Hombres, 25-45, sin prepa |    205,042       18.29       18.29
Hombres, 25-45, prepa o más |    118,031       10.53       28.81
  Hombres, 46-65, sin prepa |    153,107       13.65       42.47
Hombres, 46-65, prepa o más |     51,807        4.62       47.09
  Mujeres, 25-45, sin prepa |    235,039       20.96       68.05
Mujeres, 25-45, prepa o más |    129,588       11.56       79.60
  Mujeres, 46-65, sin prepa |    179,602       16.02       95.62
Mujeres, 46-65, prepa o más |     49,106        4.38      100.00
----------------------------+-----------------------------------
                      Total |  1,121,322      100.00
  358,285
ENIGH: salarios iguales a cero que no se usan = 358285
(358,285 real changes made, 358,285 to missing)
(358,285 missing values generated)
(363,290 missing values generated)
  5,005
ENIGH: salario válido pero 0 horas (sin salario por hora) = 5005
ENIGH: observaciones censuradas por año

--------------------------------------------------------------
        |          Total           Number of nonmissing values
        |  cens_bajo   cens_alto                        w_hora
--------+-----------------------------------------------------
year    |                                                     
  1992  |         60           1                        10,590
  1994  |        148           1                        13,598
  1996  |        103           2                        15,243
  1998  |        112           1                        11,713
  2000  |         72           1                        11,027
  2002  |        184           1                        19,444
  2004  |        155           2                        26,477
  2005  |        255           2                        26,930
  2006  |        232           1                        24,453
  2008  |        179           5                        34,779
  2010  |        245           1                        31,562
  2012  |         89           1                        10,258
  2014  |        172           4                        23,179
  2016  |        536           8                        85,163
  2018  |        520          14                        90,671
  2020  |        640          13                       104,772
  2022  |        453           5                       109,110
  2024  |        416           9                       109,063
  Total |      4,571          72                       758,032
--------------------------------------------------------------
  4,571
ENIGH: salarios por hora < 1 cambiados a 1 = 4571
  72
ENIGH: salarios por hora > 5,000 cambiados a 5,000 = 72
(4,571 real changes made)
(72 real changes made)
(363,290 missing values generated)
  (0 bytes saved)
file C:/Users/lcastillo/Music/TAREA
    2/data/construidas/enigh_limpia_salarios.dta saved
1992 1994 1996 1998 2000 2002 2004 2005 2006 2008 2010 2012 2014 2016 2018 2020
>  2022 2024
file C:/Users/lcastillo/Music/TAREA
    2/papers/output/Fig_1_7_enigh_boxplot_con_atipicos.png saved as PNG
    format
file C:/Users/lcastillo/Music/TAREA
    2/papers/output/Fig_1_7_enigh_boxplot_sin_atipicos.png saved as PNG
    format

    Variable |        Obs        Mean    Std. dev.       Min        Max
-------------+---------------------------------------------------------
      w_hora |596,731,277    65.10984    115.1535          1       5000
ENIGH: el factor original ya es entero; fweight sí se puede usar.
(file C:\Users\LCASTI~1\AppData\Local\Temp\ST_2c70_00001x.tmp not found)
1992 1994 1996 1998 2000 2002 2004 2005 2006 2008 2010 2012 2014 2016 2018 2020
>  2022 2024

  +--------------------------------------------------------------------------+
  | year    media_aw       ee_aw     n_aw    media_fw       ee_fw       n_fw |
  |--------------------------------------------------------------------------|
  | 1992    77.31747   1.4920011    10590    77.31747   .03528468   18933059 |
  | 1994   78.944036   1.1324818    13598   78.944036   .02891249   20860978 |
  | 1996    55.13647   .87785397    15243    55.13647   .02269771   22799339 |
  | 1998   62.337764   1.1918019    11713   62.337764   .02623795   24164594 |
  | 2000   65.910376   1.0700106    11027   65.910376   .02173207   26729574 |
  | 2002   63.845602   .67205702    19444   63.845602   .01764048   28219867 |
  | 2004   63.462837   .58588507    26477   63.462837   .01754476   29524482 |
  | 2005   63.685815   .62796749    26930   63.685815   .01877197   30135261 |
  | 2006   66.222019   .66039086    24453   66.222019   .01812195   32471835 |
  | 2008   71.019014   .74951269    34779   71.019014   .02447384   32618077 |
  | 2010   63.661287   .61327543    31562   63.661287   .01873246   33827681 |
  | 2012   63.180649   1.1515151    10258   63.180649   .01913236   37155434 |
  | 2014   60.958529    .7967369    23179   60.958529   .01972267   37824593 |
  | 2016    62.82077   .38586995    85163    62.82077   .01758993   40982599 |
  | 2018    62.80399   .39506464    90671    62.80399   .01813493   43029675 |
  | 2020   63.896898   .37499064   104772   63.896898   .01850344   43030562 |
  | 2022   63.370438    .2883263   109110   63.370438   .01395826   46555003 |
  | 2024   70.447604   .34297406   109063   70.447604   .01637089   47868664 |
  +--------------------------------------------------------------------------+
(j = 1 2)

Data                               Wide   ->   Long
-----------------------------------------------------------------------------
Number of observations               18   ->   36          
Number of variables                   7   ->   5           
j variable (2 values)                     ->   metodo
xij variables:
                          media1 media2   ->   media
                                ee1 ee2   ->   ee
                                  n1 n2   ->   n
-----------------------------------------------------------------------------

-----------------------------------------------------------------------------------
       |                                    metodo                                 
       |                aweight                               fweight              
       |     Media   Error estándar        N      Media   Error estándar          N
-------+---------------------------------------------------------------------------
Año    |                                                                           
  1992 |  77.31747         1.492001    10590   77.31747         .0352847   1.89e+07
  1994 |  78.94404         1.132482    13598   78.94404         .0289125   2.09e+07
  1996 |  55.13647          .877854    15243   55.13647         .0226977   2.28e+07
  1998 |  62.33776         1.191802    11713   62.33776         .0262379   2.42e+07
  2000 |  65.91038         1.070011    11027   65.91038         .0217321   2.67e+07
  2002 |   63.8456          .672057    19444    63.8456         .0176405   2.82e+07
  2004 |  63.46284         .5858851    26477   63.46284         .0175448   2.95e+07
  2005 |  63.68582         .6279675    26930   63.68582          .018772   3.01e+07
  2006 |  66.22202         .6603909    24453   66.22202         .0181219   3.25e+07
  2008 |  71.01901         .7495127    34779   71.01901         .0244738   3.26e+07
  2010 |  63.66129         .6132754    31562   63.66129         .0187325   3.38e+07
  2012 |  63.18065         1.151515    10258   63.18065         .0191324   3.72e+07
  2014 |  60.95853         .7967369    23179   60.95853         .0197227   3.78e+07
  2016 |  62.82077           .38587    85163   62.82077         .0175899   4.10e+07
  2018 |  62.80399         .3950646    90671   62.80399         .0181349   4.30e+07
  2020 |   63.8969         .3749906   104772    63.8969         .0185034   4.30e+07
  2022 |  63.37044         .2883263   109110   63.37044         .0139583   4.66e+07
  2024 |   70.4476         .3429741   109063    70.4476         .0163709   4.79e+07
-----------------------------------------------------------------------------------
(collection Table exported to file C:/Users/lcastillo/Music/TAREA
 2/papers/output/Cuadro3_enigh_aweight_fweight.xlsx)
(collection Table posted to putdocx)
successfully replaced "C:/Users/lcastillo/Music/TAREA 2/papers/output/Cuadro3_e
> nigh_aweight_fweight.docx"
file C:\Users\LCASTI~1\AppData\Local\Temp\ST_2c70_000022.tmp saved as .dta
    format
(label lgrupo already defined)
file C:\Users\LCASTI~1\AppData\Local\Temp\ST_2c70_000024.tmp saved as .dta
    format
file C:\Users\LCASTI~1\AppData\Local\Temp\ST_2c70_000026.tmp saved as .dta
    format
(label lgrupo already defined)

    Result                      Number of obs
    -----------------------------------------
    Not matched                             0
    Matched                               162  
    -----------------------------------------
(162 real changes made)
file C:/Users/lcastillo/Music/TAREA
    2/data/construidas/enigh_resultados_grupos.dta saved

------------------------------------------------------------------------------------------------------------------------
       |                                                      sexo_g                                                    
       |                       Hombres                                             Mujeres                             3
       |                        edad_c                                              edad_c                        edad_c
       |         25-45 años                46-65 años                25-45 años                46-65 años          Total
       |           educ_c                    educ_c                    educ_c                    educ_c           educ_c
       |  Sin prepa   Prepa o más   Sin prepa   Prepa o más   Sin prepa   Prepa o más   Sin prepa   Prepa o más        3
-------+----------------------------------------------------------------------------------------------------------------
year   |                                                                                                                
  1992 |       53.0         165.5        69.8         264.1        50.0         126.5        43.1         180.6     77.3
  1994 |       50.2         177.2        58.5         262.5        49.4         137.9        45.1         178.4     78.9
  1996 |       39.0         109.1        37.7         223.4        34.3          96.3        34.7         110.3     55.1
  1998 |       43.6         111.8        49.8         161.1        36.0          95.1        53.6         150.5     62.3
  2000 |       46.1         104.3        51.2         222.9        39.0          98.0        36.6         123.9     65.9
  2002 |       44.8         120.6        43.0         189.9        39.8         108.7        34.1         156.4     63.8
  2004 |       44.5         113.8        45.1         158.8        37.5          92.0        35.6         129.6     63.5
  2005 |       45.4         109.5        44.0         151.5        37.6          89.6        36.0         128.9     63.7
  2006 |       48.1         113.7        44.3         154.8        38.0          96.2        35.8         130.0     66.2
  2008 |       49.3         110.7        52.4         177.6        42.4         100.3        44.7         122.7     71.0
  2010 |       43.1          97.3        41.9         142.3        40.3          90.8        38.9         111.4     63.7
  2012 |       43.3         102.3        43.5         138.5        35.9          88.0        36.3         118.3     63.2
  2014 |       39.3          93.6        41.8         136.9        34.3          80.7        33.7         124.4     61.0
  2016 |       44.2          93.6        44.2         126.4        38.1          83.2        39.1         106.7     62.8
  2018 |       44.2          88.4        44.7         125.0        37.5          79.5        37.2         109.6     62.8
  2020 |       48.6          84.4        46.9         111.5        39.2          79.0        42.5         100.0     63.9
  2022 |       48.6          83.9        48.8         107.6        39.9          76.1        39.5          88.9     63.4
  2024 |       52.9          93.8        52.9         110.7        45.4          84.7        42.8          90.7     70.4
------------------------------------------------------------------------------------------------------------------------
(collection Table exported to file C:/Users/lcastillo/Music/TAREA
 2/papers/output/Cuadro4_enigh_w_hora_grupos.xlsx)
(collection Table posted to putdocx)
successfully replaced "C:/Users/lcastillo/Music/TAREA 2/papers/output/Cuadro4_e
> nigh_w_hora_grupos.docx"

------------------------------------------------------------------------------------------------------------------------
       |                                                      sexo_g                                                    
       |                       Hombres                                             Mujeres                             3
       |                        edad_c                                              edad_c                        edad_c
       |         25-45 años                46-65 años                25-45 años                46-65 años          Total
       |           educ_c                    educ_c                    educ_c                    educ_c           educ_c
       |  Sin prepa   Prepa o más   Sin prepa   Prepa o más   Sin prepa   Prepa o más   Sin prepa   Prepa o más        3
-------+----------------------------------------------------------------------------------------------------------------
year   |                                                                                                                
  1992 |     10,640        34,183      13,667        55,389       7,667        19,815       5,345        25,660   14,688
  1994 |     10,588        35,417      11,621        53,138       6,921        21,252       6,357        27,640   14,835
  1996 |      7,998        21,914       7,084        46,112       5,073        14,536       4,303        17,474   10,198
  1998 |      8,819        21,747       8,794        32,079       5,458        14,749       5,293        19,710   11,063
  2000 |      9,803        20,951       9,596        41,218       6,354        15,019       5,473        20,970   12,352
  2002 |      9,506        24,318       8,300        35,795       5,902        17,712       5,002        25,584   11,897
  2004 |      9,482        22,924       9,162        32,596       5,927        15,019       5,139        20,249   12,049
  2005 |      9,656        22,379       8,908        31,277       5,913        14,706       5,107        20,352   12,124
  2006 |     10,294        23,319       8,970        31,678       5,729        15,683       5,279        19,789   12,504
  2008 |      9,937        22,508      10,284        34,601       6,673        15,275       6,447        19,171   13,040
  2010 |      8,966        19,266       8,418        27,357       5,879        13,712       5,672        17,945   11,578
  2012 |      9,060        19,672       8,428        25,614       5,011        14,444       5,220        18,814   11,398
  2014 |      8,389        19,116       7,912        27,974       5,116        13,422       4,745        21,259   11,454
  2016 |      9,430        18,891       8,817        35,973       5,530        13,943       5,460        17,398   12,325
  2018 |      9,670        17,819       8,870        24,718       5,662        12,964       5,301        16,986   11,649
  2020 |      9,975        15,729       8,950        19,790       5,916        12,175       5,417        14,350   11,053
  2022 |     10,373        16,841       9,782        20,869       6,261        12,535       5,895        14,482   11,755
  2024 |     11,347        18,097      10,412        22,541       7,198        13,653       6,448        14,406   12,930
------------------------------------------------------------------------------------------------------------------------
(collection Table exported to file C:/Users/lcastillo/Music/TAREA
 2/papers/output/Cuadro5_enigh_salario_grupos.xlsx)
(collection Table posted to putdocx)
successfully replaced "C:/Users/lcastillo/Music/TAREA 2/papers/output/Cuadro5_e
> nigh_salario_grupos.docx"

------------------------------------------------------------------------------------------------------------------------
       |                                                      sexo_g                                                    
       |                       Hombres                                             Mujeres                             3
       |                        edad_c                                              edad_c                        edad_c
       |         25-45 años                46-65 años                25-45 años                46-65 años          Total
       |           educ_c                    educ_c                    educ_c                    educ_c           educ_c
       |  Sin prepa   Prepa o más   Sin prepa   Prepa o más   Sin prepa   Prepa o más   Sin prepa   Prepa o más        3
-------+----------------------------------------------------------------------------------------------------------------
year   |                                                                                                                
  1992 |       88.9          90.9        79.7          89.2        30.6          64.1        23.2          43.5     58.3
  1994 |       88.0          91.8        77.2          89.2        33.3          63.8        28.3          43.7     59.6
  1996 |       89.0          91.4        79.8          85.3        37.0          63.4        29.3          51.8     61.4
  1998 |       87.8          91.6        78.8          86.4        36.6          58.6        32.8          52.3     61.3
  2000 |       88.7          92.7        82.5          90.0        38.4          57.8        31.4          48.2     62.6
  2002 |       89.6          88.1        82.4          84.6        42.3          63.2        34.8          52.4     63.8
  2004 |       91.4          91.3        79.8          80.1        43.2          65.2        32.7          51.6     64.7
  2005 |       90.0          89.3        81.8          82.5        42.8          65.4        34.9          53.0     64.9
  2006 |       92.2          91.4        83.0          84.0        45.8          68.1        40.5          60.0     67.7
  2008 |       89.4          91.3        79.3          84.4        43.0          65.8        36.6          52.6     65.2
  2010 |       88.9          90.1        77.9          83.4        45.0          64.1        36.3          54.8     65.2
  2012 |       89.5          89.8        79.5          82.2        49.9          70.8        44.6          50.3     68.6
  2014 |       90.7          89.6        81.4          82.1        48.2          65.1        40.9          53.5     67.7
  2016 |       91.9          91.9        82.7          82.9        53.6          69.0        47.0          55.8     71.0
  2018 |       91.8          91.2        84.1          83.9        53.4          68.4        46.9          57.8     71.2
  2020 |       89.1          88.0        80.1          78.3        51.7          65.0        43.6          53.6     68.0
  2022 |       91.3          91.6        83.6          82.8        55.2          70.4        47.6          56.7     71.5
  2024 |       90.8          92.4        83.1          83.2        54.6          70.4        48.3          59.1     71.9
------------------------------------------------------------------------------------------------------------------------
(collection Table exported to file C:/Users/lcastillo/Music/TAREA
 2/papers/output/Cuadro6_enigh_trabajo_grupos.xlsx)
(collection Table posted to putdocx)
successfully replaced "C:/Users/lcastillo/Music/TAREA 2/papers/output/Cuadro6_e
> nigh_trabajo_grupos.docx"
(18 observations created)
(36 real changes made)
file C:/Users/lcastillo/Music/TAREA
    2/papers/output/Fig_1_8_enigh_salario_hora_grupos.png saved as PNG format
(18 observations created)
(36 real changes made)
file C:/Users/lcastillo/Music/TAREA
    2/papers/output/Fig_1_8_enigh_salario_mensual_grupos.png saved as PNG
    format

=====================  ENOE: incisos 1.4 a 1.9  =====================

Grupo sexo-edad-escolaridad |      Freq.     Percent        Cum.
----------------------------+-----------------------------------
  Hombres, 25-45, sin prepa |  2,582,292       15.65       15.65
Hombres, 25-45, prepa o más |  2,109,493       12.79       28.44
  Hombres, 46-65, sin prepa |  1,960,206       11.88       40.32
Hombres, 46-65, prepa o más |  1,039,029        6.30       46.62
  Mujeres, 25-45, sin prepa |  2,946,248       17.86       64.47
Mujeres, 25-45, prepa o más |  2,377,572       14.41       78.88
  Mujeres, 46-65, sin prepa |  2,453,406       14.87       93.75
Mujeres, 46-65, prepa o más |  1,030,763        6.25      100.00
----------------------------+-----------------------------------
                      Total | 16,499,009      100.00
ENOE: p6b2 = 999998 (no sabe) y 999999 (no responde), por año

----------------------------
        |  no_sabe   no_resp
--------+-------------------
year    |                   
  2005  |        1         0
  2006  |        0         0
  2007  |        2         0
  2008  |        0         0
  2009  |        0         0
  2010  |        0         0
  2011  |        1         0
  2012  |        0         0
  2013  |        0         0
  2014  |        0         0
  2015  |        0         0
  2016  |        0         0
  2017  |        0         0
  2018  |        0         0
  2019  |        0         0
  2020  |        0         0
  2021  |        0         0
  2022  |        0         0
  2023  |        1         0
  2024  |        0         0
  2025  |        0         0
  2026  |        0         0
  Total |        5         0
----------------------------
(5 real changes made, 5 to missing)
ENOE: proporción de ocupados con ingreso 0 (no declaran monto), ponderada
(5,061,628 missing values generated)

----------------
        |   Mean
--------+-------
year    |       
  2005  |  0.179
  2006  |  0.186
  2007  |  0.200
  2008  |  0.215
  2009  |  0.233
  2010  |  0.235
  2011  |  0.257
  2012  |  0.262
  2013  |  0.281
  2014  |  0.289
  2015  |  0.300
  2016  |  0.309
  2017  |  0.333
  2018  |  0.346
  2019  |  0.330
  2020  |  0.317
  2021  |  0.334
  2022  |  0.341
  2023  |  0.353
  2024  |  0.365
  2025  |  0.422
  2026  |  0.341
  Total |  0.299
----------------

--------------------------------------------------
          |                   year                
          |   2023    2024    2025    2026   Total
----------+---------------------------------------
trimestre |                                       
  1       |  0.345   0.346   0.414   0.330   0.359
  2       |  0.352   0.359   0.437   0.353   0.375
  3       |  0.355   0.361   0.440           0.386
  4       |  0.359   0.392   0.397           0.383
  Total   |  0.353   0.365   0.422   0.341   0.374
--------------------------------------------------
  0
(0 real changes made)
  8,109,710
ENOE: salarios iguales a cero que no se usan = 8109710
(8,109,710 real changes made, 8,109,710 to missing)
(8,109,715 missing values generated)
(8,416,356 missing values generated)
  306,641
ENOE: salario válido pero 0 horas (sin salario por hora) = 306641
ENOE: observaciones censuradas por año

--------------------------------------------------------------
        |          Total           Number of nonmissing values
        |  cens_bajo   cens_alto                        w_hora
--------+-----------------------------------------------------
year    |                                                     
  2005  |        268          12                       407,547
  2006  |        308           9                       413,326
  2007  |        221          18                       408,062
  2008  |        225          11                       395,559
  2009  |        198           7                       375,505
  2010  |        235           2                       379,839
  2011  |        195           8                       370,089
  2012  |        199          11                       373,345
  2013  |        161          11                       367,536
  2014  |        131           2                       374,812
  2015  |        138           5                       376,020
  2016  |        118           3                       368,799
  2017  |        128           2                       361,100
  2018  |        123           1                       358,519
  2019  |        145           5                       383,217
  2020  |         82           6                       247,167
  2021  |        187          11                       372,919
  2022  |        134           9                       380,548
  2023  |        154          10                       409,956
  2024  |        127           6                       399,835
  2025  |        138          10                       365,792
  2026  |         50           7                       193,161
  Total |      3,665         166                     8,082,653
--------------------------------------------------------------
  3,665
ENOE: salarios por hora < 1 cambiados a 1 = 3665
  166
ENOE: salarios por hora > 5,000 cambiados a 5,000 = 166
(3,665 real changes made)
(166 real changes made)
(8,416,356 missing values generated)
  (0 bytes saved)
file C:/Users/lcastillo/Music/TAREA
    2/data/construidas/enoe_limpia_salarios.dta saved
2005 2006 2007 2008 2009 2010 2011 2012 2013 2014 2015 2016 2017 2018 2019 2020
>  2021 2022 2023 2024 2025 2026
file C:/Users/lcastillo/Music/TAREA
    2/papers/output/Fig_1_7_enoe_boxplot_con_atipicos.png saved as PNG format
file C:/Users/lcastillo/Music/TAREA
    2/papers/output/Fig_1_7_enoe_boxplot_sin_atipicos.png saved as PNG format

    Variable |        Obs        Mean    Std. dev.       Min        Max
-------------+---------------------------------------------------------
      w_hora | 2266589616    61.35699    79.58011          1       5000
ENOE: el factor original ya es entero; fweight sí se puede usar.
(file C:\Users\LCASTI~1\AppData\Local\Temp\ST_2c70_000028.tmp not found)
2005 2006 2007 2008 2009 2010 2011 2012 2013 2014 2015 2016 2017 2018 2019 2020
>  2021 2022 2023 2024 2025 2026

  +---------------------------------------------------------------------------+
  | year    media_aw       ee_aw     n_aw    media_fw       ee_fw        n_fw |
  |---------------------------------------------------------------------------|
  | 2005   64.788969   .14022859   407547   64.788969   .00908687    97055648 |
  | 2006   66.877589   .14274052   413326   66.877589   .00916922   1.002e+08 |
  | 2007   68.058874   .15136667   408062   68.058874   .00963668   1.007e+08 |
  | 2008   65.691916   .14119571   395559   65.691916   .00882761   1.012e+08 |
  | 2009   62.395795   .13225951   375505   62.395795   .00809475   1.002e+08 |
  | 2010   60.531775   .12217695   379839   60.531775   .00745205   1.021e+08 |
  | 2011   59.250502   .12117131   370089   59.250502   .00730059   1.020e+08 |
  | 2012   59.007365   .12221638   373345   59.007365   .00728683   1.050e+08 |
  | 2013   58.214143   .13364577   367536   58.214143   .00793787   1.042e+08 |
  | 2014   55.484947   .11250969   374812   55.484947    .0067392   1.045e+08 |
  | 2015   56.182702   .12313244   376020   56.182702   .00734322   1.057e+08 |
  | 2016   56.706557   .11303621   368799   56.706557   .00663149   1.072e+08 |
  | 2017    55.87152   .11115814   361100    55.87152   .00651589   1.051e+08 |
  | 2018   55.659949   .11216359   358519   55.659949   .00651188   1.064e+08 |
  | 2019   56.775061    .1123827   383217   56.775061   .00658626   1.116e+08 |
  | 2020   60.991981   .16385825   247167   60.991981   .00895426    82768666 |
  | 2021   62.028518   .13637351   372919   62.028518   .00783478   1.130e+08 |
  | 2022   59.371552   .12063104   380548   59.371552   .00689654   1.164e+08 |
  | 2023   62.511955   .12313145   409956   62.511955   .00728096   1.172e+08 |
  | 2024    66.66504   .12871037   399835    66.66504    .0075479   1.163e+08 |
  | 2025    69.68165   .14761689   365792    69.68165   .00864195   1.067e+08 |
  | 2026   72.249457   .19820634   193161   72.249457   .01113611    61190684 |
  +---------------------------------------------------------------------------+
(j = 1 2)

Data                               Wide   ->   Long
-----------------------------------------------------------------------------
Number of observations               22   ->   44          
Number of variables                   7   ->   5           
j variable (2 values)                     ->   metodo
xij variables:
                          media1 media2   ->   media
                                ee1 ee2   ->   ee
                                  n1 n2   ->   n
-----------------------------------------------------------------------------

-----------------------------------------------------------------------------------
       |                                    metodo                                 
       |                aweight                               fweight              
       |     Media   Error estándar        N      Media   Error estándar          N
-------+---------------------------------------------------------------------------
Año    |                                                                           
  2005 |  64.78897         .1402286   407547   64.78897         .0090869   9.71e+07
  2006 |  66.87759         .1427405   413326   66.87759         .0091692   1.00e+08
  2007 |  68.05887         .1513667   408062   68.05887         .0096367   1.01e+08
  2008 |  65.69192         .1411957   395559   65.69192         .0088276   1.01e+08
  2009 |  62.39579         .1322595   375505   62.39579         .0080947   1.00e+08
  2010 |  60.53177          .122177   379839   60.53177          .007452   1.02e+08
  2011 |   59.2505         .1211713   370089    59.2505         .0073006   1.02e+08
  2012 |  59.00737         .1222164   373345   59.00737         .0072868   1.05e+08
  2013 |  58.21414         .1336458   367536   58.21414         .0079379   1.04e+08
  2014 |  55.48495         .1125097   374812   55.48495         .0067392   1.04e+08
  2015 |   56.1827         .1231324   376020    56.1827         .0073432   1.06e+08
  2016 |  56.70656         .1130362   368799   56.70656         .0066315   1.07e+08
  2017 |  55.87152         .1111581   361100   55.87152         .0065159   1.05e+08
  2018 |  55.65995         .1121636   358519   55.65995         .0065119   1.06e+08
  2019 |  56.77506         .1123827   383217   56.77506         .0065863   1.12e+08
  2020 |  60.99198         .1638582   247167   60.99198         .0089543   8.28e+07
  2021 |  62.02852         .1363735   372919   62.02852         .0078348   1.13e+08
  2022 |  59.37155          .120631   380548   59.37155         .0068965   1.16e+08
  2023 |  62.51195         .1231314   409956   62.51195          .007281   1.17e+08
  2024 |  66.66504         .1287104   399835   66.66504         .0075479   1.16e+08
  2025 |  69.68165         .1476169   365792   69.68165         .0086419   1.07e+08
  2026 |  72.24946         .1982063   193161   72.24946         .0111361   6.12e+07
-----------------------------------------------------------------------------------
(collection Table exported to file C:/Users/lcastillo/Music/TAREA
 2/papers/output/Cuadro7_enoe_aweight_fweight.xlsx)
(collection Table posted to putdocx)
successfully replaced "C:/Users/lcastillo/Music/TAREA 2/papers/output/Cuadro7_e
> noe_aweight_fweight.docx"
file C:\Users\LCASTI~1\AppData\Local\Temp\ST_2c70_00002b.tmp saved as .dta
    format
(label lgrupo already defined)
file C:\Users\LCASTI~1\AppData\Local\Temp\ST_2c70_00002d.tmp saved as .dta
    format
file C:\Users\LCASTI~1\AppData\Local\Temp\ST_2c70_00002f.tmp saved as .dta
    format
(label lgrupo already defined)

    Result                      Number of obs
    -----------------------------------------
    Not matched                             0
    Matched                               198  
    -----------------------------------------
(198 real changes made)
file C:/Users/lcastillo/Music/TAREA
    2/data/construidas/enoe_resultados_grupos.dta saved

------------------------------------------------------------------------------------------------------------------------
       |                                                      sexo_g                                                    
       |                       Hombres                                             Mujeres                             3
       |                        edad_c                                              edad_c                        edad_c
       |         25-45 años                46-65 años                25-45 años                46-65 años          Total
       |           educ_c                    educ_c                    educ_c                    educ_c           educ_c
       |  Sin prepa   Prepa o más   Sin prepa   Prepa o más   Sin prepa   Prepa o más   Sin prepa   Prepa o más        3
-------+----------------------------------------------------------------------------------------------------------------
year   |                                                                                                                
  2005 |       49.2         100.1        50.4         137.3        42.4          95.1        43.0         124.2     64.8
  2006 |       49.9         101.9        51.7         141.5        45.3          96.5        45.3         129.6     66.9
  2007 |       51.2         103.6        52.5         141.8        45.9          97.3        45.9         123.5     68.1
  2008 |       50.6          98.7        50.1         131.8        45.7          92.4        45.5         121.5     65.7
  2009 |       47.9          91.9        48.6         120.5        43.2          87.8        43.5         114.9     62.4
  2010 |       46.4          87.1        48.0         118.0        41.6          85.3        42.8         108.4     60.5
  2011 |       46.5          81.8        47.9         110.3        42.3          82.9        41.9         103.8     59.3
  2012 |       45.2          81.9        48.2         108.4        41.6          81.5        42.7         103.4     59.0
  2013 |       45.7          79.7        46.4         105.3        41.6          79.7        42.5         101.5     58.2
  2014 |       43.4          77.0        45.0          99.4        40.0          75.3        40.3          95.3     55.5
  2015 |       43.6          78.0        45.4         100.4        40.8          77.1        40.5          96.0     56.2
  2016 |       44.8          77.6        46.2          95.8        41.4          77.1        42.2          91.2     56.7
  2017 |       44.2          74.4        45.8          93.2        41.5          74.4        42.0          91.2     55.9
  2018 |       44.4          74.1        45.7          89.9        41.3          72.1        42.3          86.6     55.7
  2019 |       45.9          73.2        47.3          90.7        42.8          72.6        43.1          84.3     56.8
  2020 |       47.4          77.8        49.9          96.3        44.0          78.2        45.9          95.8     61.0
  2021 |       47.1          78.4        50.7          98.3        45.9          77.9        46.3          93.7     62.0
  2022 |       48.0          73.5        48.4          90.6        44.2          74.1        44.2          83.9     59.4
  2023 |       50.5          78.2        51.9          93.5        47.7          76.1        46.1          86.7     62.5
  2024 |       53.6          82.9        54.4          99.6        50.0          80.5        49.3          91.9     66.7
  2025 |       56.6          86.0        56.7         101.6        53.7          82.5        51.7          98.4     69.7
  2026 |       59.7          86.7        58.7         104.7        55.0          84.9        53.9          96.3     72.2
------------------------------------------------------------------------------------------------------------------------
(collection Table exported to file C:/Users/lcastillo/Music/TAREA
 2/papers/output/Cuadro8_enoe_w_hora_grupos.xlsx)
(collection Table posted to putdocx)
successfully replaced "C:/Users/lcastillo/Music/TAREA 2/papers/output/Cuadro8_e
> noe_w_hora_grupos.docx"

------------------------------------------------------------------------------------------------------------------------
       |                                                      sexo_g                                                    
       |                       Hombres                                             Mujeres                             3
       |                        edad_c                                              edad_c                        edad_c
       |         25-45 años                46-65 años                25-45 años                46-65 años          Total
       |           educ_c                    educ_c                    educ_c                    educ_c           educ_c
       |  Sin prepa   Prepa o más   Sin prepa   Prepa o más   Sin prepa   Prepa o más   Sin prepa   Prepa o más        3
-------+----------------------------------------------------------------------------------------------------------------
year   |                                                                                                                
  2005 |      9,432        18,844       9,177        24,575       6,133        14,182       5,876        17,934   11,180
  2006 |      9,605        19,113       9,192        25,257       6,415        14,209       6,050        18,069   11,403
  2007 |      9,764        19,035       9,237        24,864       6,367        14,281       6,068        17,495   11,456
  2008 |      9,639        18,301       9,002        22,943       6,317        13,699       5,935        17,362   11,096
  2009 |      8,978        16,704       8,552        20,667       5,923        12,924       5,760        16,034   10,356
  2010 |      8,717        16,042       8,382        20,206       5,795        12,508       5,585        15,130   10,073
  2011 |      8,675        15,098       8,425        19,411       5,826        12,247       5,541        14,666    9,888
  2012 |      8,493        15,079       8,339        18,894       5,704        11,980       5,493        14,680    9,779
  2013 |      8,556        14,725       8,099        18,481       5,653        11,886       5,319        14,519    9,659
  2014 |      8,248        14,018       7,812        17,159       5,509        11,253       5,149        13,425    9,221
  2015 |      8,370        14,176       8,025        17,321       5,558        11,435       5,182        13,289    9,336
  2016 |      8,591        14,304       8,104        16,670       5,649        11,441       5,366        13,262    9,469
  2017 |      8,506        13,569       8,144        16,167       5,707        11,017       5,458        12,993    9,324
  2018 |      8,560        13,461       8,249        15,720       5,737        10,761       5,488        12,360    9,321
  2019 |      8,785        13,338       8,379        15,639       5,959        10,691       5,544        12,018    9,423
  2020 |      8,804        13,310       8,433        15,606       5,959        10,949       5,678        12,852    9,634
  2021 |      8,760        13,621       8,633        15,663       6,138        10,859       5,777        12,570    9,799
  2022 |      9,066        13,246       8,609        15,089       6,251        10,876       5,763        11,794    9,746
  2023 |      9,563        14,100       9,134        15,828       6,576        11,204       6,037        12,135   10,230
  2024 |     10,052        14,899       9,461        16,908       6,859        11,716       6,287        12,508   10,805
  2025 |     10,524        15,347       9,775        16,700       7,189        12,052       6,482        13,049   11,142
  2026 |     10,923        15,291      10,181        16,935       7,563        12,330       6,894        13,486   11,557
------------------------------------------------------------------------------------------------------------------------
(collection Table exported to file C:/Users/lcastillo/Music/TAREA
 2/papers/output/Cuadro9_enoe_salario_grupos.xlsx)
(collection Table posted to putdocx)
successfully replaced "C:/Users/lcastillo/Music/TAREA 2/papers/output/Cuadro9_e
> noe_salario_grupos.docx"

------------------------------------------------------------------------------------------------------------------------
       |                                                      sexo_g                                                    
       |                       Hombres                                             Mujeres                             3
       |                        edad_c                                              edad_c                        edad_c
       |         25-45 años                46-65 años                25-45 años                46-65 años          Total
       |           educ_c                    educ_c                    educ_c                    educ_c           educ_c
       |  Sin prepa   Prepa o más   Sin prepa   Prepa o más   Sin prepa   Prepa o más   Sin prepa   Prepa o más        3
-------+----------------------------------------------------------------------------------------------------------------
year   |                                                                                                                
  2005 |       80.3          75.9        68.2          64.3        34.4          54.1        27.8          42.4     54.4
  2006 |       79.9          75.0        68.4          64.2        35.5          54.5        28.4          43.7     54.8
  2007 |       79.2          72.7        66.6          63.2        35.2          52.9        29.1          43.4     53.9
  2008 |       77.6          70.3        64.1          60.1        35.6          50.5        28.7          41.3     52.7
  2009 |       74.7          65.4        62.5          56.6        35.4          49.3        29.1          38.4     51.1
  2010 |       74.5          65.2        62.0          53.6        35.6          47.7        29.4          37.4     50.8
  2011 |       73.3          62.4        61.1          51.1        35.2          45.2        29.5          36.4     49.7
  2012 |       73.3          61.8        60.9          52.0        36.4          45.9        30.6          35.5     50.0
  2013 |       71.6          60.3        59.0          49.0        36.4          43.7        30.1          34.0     48.8
  2014 |       72.2          58.4        59.1          47.9        35.4          41.9        29.5          32.2     47.9
  2015 |       71.7          56.7        58.9          46.4        35.6          40.8        30.0          32.8     47.5
  2016 |       71.3          56.6        58.5          45.6        35.9          40.1        30.0          31.4     47.1
  2017 |       69.7          54.1        57.7          43.9        34.8          38.3        28.9          29.6     45.5
  2018 |       68.9          52.3        57.3          42.9        34.5          38.3        29.4          29.0     44.9
  2019 |       69.2          53.9        58.3          45.3        36.5          39.6        31.0          31.4     46.3
  2020 |       67.7          53.5        56.4          44.4        35.4          40.2        28.9          30.9     45.1
  2021 |       67.5          53.8        56.0          44.2        35.3          40.4        29.0          30.3     44.9
  2022 |       67.9          53.9        57.5          44.1        36.7          40.7        30.2          31.3     45.6
  2023 |       67.2          53.2        57.4          43.8        37.2          40.6        32.1          31.5     45.6
  2024 |       65.4          52.3        56.2          44.0        36.8          40.4        30.8          31.6     44.7
  2025 |       60.0          46.9        50.7          38.1        34.3          36.4        28.5          27.7     40.4
  2026 |       66.5          55.0        56.2          46.0        37.9          41.8        31.8          32.9     45.9
------------------------------------------------------------------------------------------------------------------------
(collection Table exported to file C:/Users/lcastillo/Music/TAREA
 2/papers/output/Cuadro10_enoe_trabajo_grupos.xlsx)
(collection Table posted to putdocx)
successfully replaced "C:/Users/lcastillo/Music/TAREA 2/papers/output/Cuadro10_
> enoe_trabajo_grupos.docx"
(22 observations created)
(44 real changes made)
file C:/Users/lcastillo/Music/TAREA
    2/papers/output/Fig_1_8_enoe_salario_hora_grupos.png saved as PNG format
(22 observations created)
(44 real changes made)
file C:/Users/lcastillo/Music/TAREA
    2/papers/output/Fig_1_8_enoe_salario_mensual_grupos.png saved as PNG
    format

. 
. 
. /*===========================================================================
> ===
>   INCISO 1.11 — ENIGH: ingreso corriente per cápita del hogar (INEGI) y
>   líneas de pobreza por ingresos (CONEVAL)
>   Ingreso per cápita = ingreso corriente trimestral del hogar / 3 / integrant
> es
> =============================================================================
> =*/
. foreach y of global enigh_years {
  2.     if strpos("${con`y'}", ".dbf") {
  3.         import dbase using "$enigh/`y'/${con`y'}", clear case(lower)
  4.     }
  5.     else {
  6.         use "$enigh/`y'/${con`y'}", clear
  7.         rename *, lower
  8.     }
  9.     capture confirm variable folioviv
 10.     if _rc == 0 {
 11.         capture tostring folioviv foliohog, replace format(%15.0f)
 12.         gen str30 folio = folioviv + "_" + foliohog
 13.     }
 14.     else {
 15.         capture tostring folio, replace format(%15.0f)
 16.     }
 17.     capture rename hog        factor
 18.     capture rename factor_hog factor
 19.     capture rename estrato    tam_loc
 20.     capture rename ing_cor    ingcor
 21.     capture rename tot_integ  tam_hog
 22.     destring factor tam_loc ingcor tam_hog, replace
 23.     if `y' == 1992 replace ingcor = ingcor / 1000             // viejos pe
> sos
 24.     gen byte rural = (tam_loc == 4)
 25.     gen int year = `y'
 26.     keep year folio factor rural ingcor tam_hog
 27.     tempfile h`y'
 28.     save `h`y''
 29. }
(50 vars, 10,530 obs)
factor already numeric; no replace
tam_loc: all characters numeric; replaced as byte
ingcor already numeric; no replace
tam_hog already numeric; no replace
(10,530 real changes made)
file C:\Users\LCASTI~1\AppData\Local\Temp\ST_2c70_00002h.tmp saved as .dta
    format
(51 vars, 12,815 obs)
factor already numeric; no replace
tam_loc: all characters numeric; replaced as byte
ingcor already numeric; no replace
tam_hog already numeric; no replace
file C:\Users\LCASTI~1\AppData\Local\Temp\ST_2c70_00002i.tmp saved as .dta
    format
(54 vars, 14,042 obs)
factor already numeric; no replace
tam_loc: all characters numeric; replaced as byte
ingcor already numeric; no replace
tam_hog already numeric; no replace
file C:\Users\LCASTI~1\AppData\Local\Temp\ST_2c70_00002j.tmp saved as .dta
    format
(49 vars, 10,952 obs)
factor already numeric; no replace
tam_loc: all characters numeric; replaced as byte
ingcor already numeric; no replace
tam_hog already numeric; no replace
file C:\Users\LCASTI~1\AppData\Local\Temp\ST_2c70_00002k.tmp saved as .dta
    format
(116 vars, 10,108 obs)
factor already numeric; no replace
tam_loc: all characters numeric; replaced as byte
ingcor already numeric; no replace
tam_hog already numeric; no replace
file C:\Users\LCASTI~1\AppData\Local\Temp\ST_2c70_00002l.tmp saved as .dta
    format
(116 vars, 17,167 obs)
factor already numeric; no replace
tam_loc: all characters numeric; replaced as byte
ingcor already numeric; no replace
tam_hog already numeric; no replace
file C:\Users\LCASTI~1\AppData\Local\Temp\ST_2c70_00002m.tmp saved as .dta
    format
(116 vars, 22,595 obs)
factor already numeric; no replace
tam_loc: all characters numeric; replaced as byte
ingcor already numeric; no replace
tam_hog already numeric; no replace
file C:\Users\LCASTI~1\AppData\Local\Temp\ST_2c70_00002n.tmp saved as .dta
    format
(116 vars, 23,174 obs)
factor already numeric; no replace
tam_loc: all characters numeric; replaced as byte
ingcor already numeric; no replace
tam_hog already numeric; no replace
file C:\Users\LCASTI~1\AppData\Local\Temp\ST_2c70_00002o.tmp saved as .dta
    format
  (all newnames==oldnames)
factor already numeric; no replace
tam_loc: all characters numeric; replaced as byte
ingcor already numeric; no replace
tam_hog already numeric; no replace
file C:\Users\LCASTI~1\AppData\Local\Temp\ST_2c70_00002p.tmp saved as .dta
    format
  (all newnames==oldnames)
factor already numeric; no replace
tam_loc already numeric; no replace
ingcor already numeric; no replace
tam_hog already numeric; no replace
file C:\Users\LCASTI~1\AppData\Local\Temp\ST_2c70_00002q.tmp saved as .dta
    format
  (all newnames==oldnames)
factor already numeric; no replace
tam_loc already numeric; no replace
ingcor already numeric; no replace
tam_hog already numeric; no replace
file C:\Users\LCASTI~1\AppData\Local\Temp\ST_2c70_00002r.tmp saved as .dta
    format
  (all newnames==oldnames)
factor already numeric; no replace
tam_loc: all characters numeric; replaced as byte
ingcor already numeric; no replace
tam_hog already numeric; no replace
file C:\Users\LCASTI~1\AppData\Local\Temp\ST_2c70_00002s.tmp saved as .dta
    format
  (all newnames==oldnames)
factor already numeric; no replace
tam_loc: all characters numeric; replaced as byte
ingcor already numeric; no replace
tam_hog already numeric; no replace
file C:\Users\LCASTI~1\AppData\Local\Temp\ST_2c70_00002t.tmp saved as .dta
    format
  (all newnames==oldnames)
factor already numeric; no replace
tam_loc: all characters numeric; replaced as byte
ingcor already numeric; no replace
tam_hog already numeric; no replace
file C:\Users\LCASTI~1\AppData\Local\Temp\ST_2c70_00002u.tmp saved as .dta
    format
  (all newnames==oldnames)
factor already numeric; no replace
tam_loc: all characters numeric; replaced as byte
ingcor already numeric; no replace
tam_hog already numeric; no replace
file C:\Users\LCASTI~1\AppData\Local\Temp\ST_2c70_00002v.tmp saved as .dta
    format
  (all newnames==oldnames)
factor already numeric; no replace
tam_loc: all characters numeric; replaced as byte
ingcor already numeric; no replace
tam_hog already numeric; no replace
file C:\Users\LCASTI~1\AppData\Local\Temp\ST_2c70_00002w.tmp saved as .dta
    format
  (all newnames==oldnames)
factor already numeric; no replace
tam_loc: all characters numeric; replaced as byte
ingcor already numeric; no replace
tam_hog already numeric; no replace
file C:\Users\LCASTI~1\AppData\Local\Temp\ST_2c70_00002x.tmp saved as .dta
    format
  (all newnames==oldnames)
factor already numeric; no replace
tam_loc: all characters numeric; replaced as byte
ingcor already numeric; no replace
tam_hog already numeric; no replace
file C:\Users\LCASTI~1\AppData\Local\Temp\ST_2c70_000030.tmp saved as .dta
    format

. clear

. foreach y of global enigh_years {
  2.     append using `h`y''
  3. }
(variable folio was str11, now str12 to accommodate using data's values)
(variable factor was int, now long to accommodate using data's values)
(variable factor was long, now double to accommodate using data's values)
(variable tam_hog was byte, now double to accommodate using data's values)
(variable folio was str12, now str30 to accommodate using data's values)

. count if tam_hog == 0 | missing(tam_hog)
  0

. drop if tam_hog == 0 | missing(tam_hog)
(0 observations deleted)

. 
. * Pesos reales y líneas de pobreza (agosto de cada año)
. merge m:1 year using `inpc_enigh', keep(master match) nogenerate

    Result                      Number of obs
    -----------------------------------------
    Not matched                             0
    Matched                           643,342  
    -----------------------------------------

. preserve

.     use "$data/lineas_pobreza/lineas_pobreza_mensual_1992_2026.dta", clear
(Líneas de pobreza por ingresos (INEGI/CONEVAL), mensual por persona, precios c
> or)

.     keep if mes == 8
(381 observations deleted)

.     rename anio year

.     keep year lpi_rural lpi_urbano lpei_rural lpei_urbano

.     tempfile lp

.     save `lp'
file C:\Users\LCASTI~1\AppData\Local\Temp\ST_2c70_000032.tmp saved as .dta
    format

. restore

. merge m:1 year using `lp', keep(master match) nogenerate

    Result                      Number of obs
    -----------------------------------------
    Not matched                             0
    Matched                           643,342  
    -----------------------------------------

. 
. gen double ingpc_nom = ingcor / 3 / tam_hog                    // mensual por
>  persona

. gen double lpi_nom   = cond(rural == 1, lpi_rural,  lpi_urbano)

. gen double lpei_nom  = cond(rural == 1, lpei_rural, lpei_urbano)

. gen byte pobre_ing     = (ingpc_nom < lpi_nom)

. gen byte pobre_ext_ing = (ingpc_nom < lpei_nom)

. gen double defl   = inpc_ene26 / inpc_ago

. gen double ingpc  = ingpc_nom  * defl

. gen double lpi_u  = lpi_urbano * defl

. gen double lpi_r  = lpi_rural  * defl

. gen double w_pers = factor * tam_hog                           // personas re
> presentadas

. label var ingpc "Ingreso corriente per cápita mensual (pesos ene-2026)"

. save "$data/construidas/enigh_ingpc_hogares_1992_2024.dta", replace
file C:/Users/lcastillo/Music/TAREA
    2/data/construidas/enigh_ingpc_hogares_1992_2024.dta saved

. 
. collapse (mean) media = ingpc pobre_ing pobre_ext_ing lpi_u lpi_r ///
>          (median) mediana = ingpc [pw=w_pers], by(year)

. replace pobre_ing     = 100 * pobre_ing
(18 real changes made)

. replace pobre_ext_ing = 100 * pobre_ext_ing
(18 real changes made)

. label var media         "Media"

. label var mediana       "Mediana"

. label var pobre_ing     "Pobreza por ingresos (%)"

. label var pobre_ext_ing "Pobreza extrema por ingresos (%)"

. label var lpi_u         "Línea de pobreza urbana"

. label var lpi_r         "Línea de pobreza rural"

. list, noobs abbreviate(14) separator(0)

  +----------------------------------------------------------------------+
  | year |     media | pobre_ing | pobre_ext_ing |     lpi_u |     lpi_r |
  | 1992 | 5769.3181 |   64.2643 |       23.6034 | 5046.8147 | 3102.2132 |
  |----------------------------------------------------------------------|
  |                                mediana                               |
  |                              3342.3622                               |
  +----------------------------------------------------------------------+

  +----------------------------------------------------------------------+
  | year |     media | pobre_ing | pobre_ext_ing |     lpi_u |     lpi_r |
  | 1994 |  6092.263 |   61.3383 |       20.1371 | 5013.0943 | 3046.0982 |
  |----------------------------------------------------------------------|
  |                                mediana                               |
  |                              3520.4044                               |
  +----------------------------------------------------------------------+

  +----------------------------------------------------------------------+
  | year |     media | pobre_ing | pobre_ext_ing |     lpi_u |     lpi_r |
  | 1996 |   4383.33 |   73.7704 |       32.2905 | 4872.7026 |  3079.391 |
  |----------------------------------------------------------------------|
  |                                mediana                               |
  |                              2628.5566                               |
  +----------------------------------------------------------------------+

  +----------------------------------------------------------------------+
  | year |     media | pobre_ing | pobre_ext_ing |     lpi_u |     lpi_r |
  | 1998 | 4873.5585 |   69.2849 |       28.2232 | 4886.2314 | 3068.4951 |
  |----------------------------------------------------------------------|
  |                                mediana                               |
  |                              2924.6294                               |
  +----------------------------------------------------------------------+

  +----------------------------------------------------------------------+
  | year |     media | pobre_ing | pobre_ext_ing |     lpi_u |     lpi_r |
  | 2000 | 5736.2723 |   62.0001 |       21.5292 | 4792.6097 | 3055.9306 |
  |----------------------------------------------------------------------|
  |                                mediana                               |
  |                              3453.2197                               |
  +----------------------------------------------------------------------+

  +----------------------------------------------------------------------+
  | year |     media | pobre_ing | pobre_ext_ing |     lpi_u |     lpi_r |
  | 2002 | 5680.0945 |   60.5912 |       17.2124 | 4773.8336 | 3024.8553 |
  |----------------------------------------------------------------------|
  |                                mediana                               |
  |                              3563.8809                               |
  +----------------------------------------------------------------------+

  +----------------------------------------------------------------------+
  | year |     media | pobre_ing | pobre_ext_ing |     lpi_u |     lpi_r |
  | 2004 | 6011.8646 |   57.3501 |       15.0996 | 4738.9968 | 3019.4441 |
  |----------------------------------------------------------------------|
  |                                mediana                               |
  |                              3762.9515                               |
  +----------------------------------------------------------------------+

  +----------------------------------------------------------------------+
  | year |     media | pobre_ing | pobre_ext_ing |     lpi_u |     lpi_r |
  | 2005 | 6159.7235 |   56.0648 |       16.5709 | 4736.5702 | 3030.7895 |
  |----------------------------------------------------------------------|
  |                                mediana                               |
  |                              3878.4916                               |
  +----------------------------------------------------------------------+

  +----------------------------------------------------------------------+
  | year |     media | pobre_ing | pobre_ext_ing |     lpi_u |     lpi_r |
  | 2006 | 6702.6436 |   50.9148 |       11.4844 | 4717.6429 | 3022.5325 |
  |----------------------------------------------------------------------|
  |                                mediana                               |
  |                              4208.1806                               |
  +----------------------------------------------------------------------+

  +----------------------------------------------------------------------+
  | year |     media | pobre_ing | pobre_ext_ing |     lpi_u |     lpi_r |
  | 2008 | 6503.7077 |   53.6229 |       16.9694 |    4719.8 | 3080.9791 |
  |----------------------------------------------------------------------|
  |                                mediana                               |
  |                              4065.9344                               |
  +----------------------------------------------------------------------+

  +----------------------------------------------------------------------+
  | year |     media | pobre_ing | pobre_ext_ing |     lpi_u |     lpi_r |
  | 2010 | 5904.7752 |   56.3968 |       17.1305 | 4710.9008 | 3112.9949 |
  |----------------------------------------------------------------------|
  |                                mediana                               |
  |                              3841.2116                               |
  +----------------------------------------------------------------------+

  +----------------------------------------------------------------------+
  | year |     media | pobre_ing | pobre_ext_ing |     lpi_u |     lpi_r |
  | 2012 | 6187.8524 |   55.7318 |       18.5682 | 4690.0797 | 3212.4714 |
  |----------------------------------------------------------------------|
  |                                mediana                               |
  |                              3889.9271                               |
  +----------------------------------------------------------------------+

  +----------------------------------------------------------------------+
  | year |     media | pobre_ing | pobre_ext_ing |     lpi_u |     lpi_r |
  | 2014 | 5895.6184 |   59.6042 |       19.4579 | 4714.4971 | 3224.5646 |
  |----------------------------------------------------------------------|
  |                                mediana                               |
  |                              3676.0074                               |
  +----------------------------------------------------------------------+

  +----------------------------------------------------------------------+
  | year |     media | pobre_ing | pobre_ext_ing |     lpi_u |     lpi_r |
  | 2016 | 6802.9916 |   50.2565 |       13.8061 | 4642.7983 | 3245.8067 |
  |----------------------------------------------------------------------|
  |                                mediana                               |
  |                              4285.8207                               |
  +----------------------------------------------------------------------+

  +----------------------------------------------------------------------+
  | year |     media | pobre_ing | pobre_ext_ing |     lpi_u |     lpi_r |
  | 2018 |  6595.642 |    49.559 |       13.1381 | 4751.4981 | 3309.9741 |
  |----------------------------------------------------------------------|
  |                                mediana                               |
  |                              4426.8014                               |
  +----------------------------------------------------------------------+

  +----------------------------------------------------------------------+
  | year |     media | pobre_ing | pobre_ext_ing |     lpi_u |     lpi_r |
  | 2020 | 6295.6913 |   51.0662 |       15.2927 | 4738.2962 | 3354.4512 |
  |----------------------------------------------------------------------|
  |                                mediana                               |
  |                              4308.9535                               |
  +----------------------------------------------------------------------+

  +----------------------------------------------------------------------+
  | year |     media | pobre_ing | pobre_ext_ing |     lpi_u |     lpi_r |
  | 2022 | 7176.0084 |   43.0513 |       11.4938 | 4822.0621 |  3444.857 |
  |----------------------------------------------------------------------|
  |                                mediana                               |
  |                                 5017.9                               |
  +----------------------------------------------------------------------+

  +----------------------------------------------------------------------+
  | year |     media | pobre_ing | pobre_ext_ing |     lpi_u |     lpi_r |
  | 2024 | 8170.0334 |   34.9157 |       8.74462 | 4819.2077 |  3480.536 |
  |----------------------------------------------------------------------|
  |                                mediana                               |
  |                              5840.4052                               |
  +----------------------------------------------------------------------+

. 
. twoway (connected media   year, lcolor("$c1") mcolor("$c1") msymbol(O)  msize
> (small) lwidth(medthick)) ///
>        (connected mediana year, lcolor("$c1") mcolor("$c1") msymbol(Oh) msize
> (small) lwidth(medthick) lpattern(dash)) ///
>        (line lpi_u year, lcolor("$c4") lpattern(shortdash)    lwidth(medthick
> )) ///
>        (line lpi_r year, lcolor("$c3") lpattern(longdash_dot) lwidth(medthick
> )), ///
>     ytitle("Pesos mensuales por persona" "(enero de 2026)", size($gtam)) xtit
> le("Año", size($gtam)) ///
>     xlabel(1992(4)2024, labsize($gtam) nogrid) ///
>     ylabel(, labsize($gtam) angle(horizontal) format(%9.0fc) grid glcolor(gs1
> 4)) ///
>     legend(order(1 "Media" 2 "Mediana" 3 "Línea de pobreza urbana" 4 "Línea d
> e pobreza rural") ///
>            cols(2) size(small) position(6) region(lcolor(white))) ///
>     note("Nota: ingreso corriente trimestral del hogar entre 3 y entre el núm
> ero de integrantes." ///
>          "Pesos de enero de 2026; media y mediana ponderadas por personas. Lí
> neas de pobreza de CONEVAL (agosto)." ///
>          "Fuente: elaboración propia con datos de la ENIGH (INEGI), 1992-2024
> , y CONEVAL.", size(small) span) ///
>     $gfig

. graph export "$out/Fig_1_11_enigh_ingreso_per_capita.png", width(2400) replac
> e
file C:/Users/lcastillo/Music/TAREA
    2/papers/output/Fig_1_11_enigh_ingreso_per_capita.png saved as PNG format

. 
. log close
      name:  <unnamed>
       log:  C:/Users/lcastillo/Music/TAREA 2/log/P1_ENIGH_ENOE.log
  log type:  text
 closed on:  28 Sep 2026, 19:55:00
-------------------------------------------------------------------------------
