-------------------------------------------------------------------------------
      name:  <unnamed>
       log:  C:/Users/lcastillo/Music/TAREA 2/log/P2_IMSS.log
  log type:  text
 opened on:  28 Sep 2026, 19:55:05

. 
. * Estilo gráfico (mismo estilo A del Problema 1)
. set scheme s2color

. graph set window fontface "Times New Roman"

. global c1   "31 58 104"           // azul marino

. global c2   "200 112 42"          // naranja

. global c3   "46 107 52"           // verde

. global c4   "142 36 50"           // guinda

. global gtam "medsmall"

. global gfig "xsize(6.5) ysize(4.5) graphregion(color(white) margin(small)) pl
> otregion(color(white) lcolor(none))"

. global xmes "xlabel(`=tm(2000m1)'(48)`=tm(2024m1)', format(%tmCCYY) labsize($
> gtam) nogrid)"

. 
. * Estilo y exportación de cuadros (mismos programas del Problema 1)
. capture program drop estilo_cuadro

. program define estilo_cuadro
  1.     syntax [, SIZE(integer 9)]
  2.     collect style header result, level(hide)
  3.     collect style cell border_block, border(right, pattern(nil))
  4.     collect style cell cell_type[column-header corner], font(, bold) shadi
> ng(background(D9D9D9))   // formato C: encabezado gris y en negrita
  5.     collect style cell cell_type[column-header], halign(center)
  6.     collect style cell, font("Times New Roman", size(`size'))
  7.     capture noisily collect style title, font("Times New Roman", size(10))
  8. end

. capture program drop exporta_cuadro

. program define exporta_cuadro
  1.     syntax, ARchivo(string) NOta(string) FUente(string)
  2.     collect export "`archivo'.xlsx", replace
  3.     putdocx clear
  4.     putdocx begin, font("Times New Roman", 10)
  5.     putdocx collect
  6.     putdocx paragraph
  7.     putdocx text ("`nota'"), font("Times New Roman", 8)
  8.     putdocx paragraph
  9.     putdocx text ("`fuente'"), font("Times New Roman", 8)
 10.     putdocx save "`archivo'.docx", replace
 11. end

. 
. global fuente "Fuente: elaboración propia con datos de puestos de trabajo afi
> liados al IMSS, 2000-2026."

. 
. * Interruptores
. global corre_2_0 1                // construcción de las series desde las cel
> das (tarda ~40 min)

. global corre_2_11 1               // control sintético (tarda varios minutos)

. 
. * Deflactor: INPC mensual -> pesos de enero de 2026 (igual que el Problema 1)
. use "$data/INPC/inpc_mensual_1990_2026.dta", clear
(INPC mensual INEGI, base 2QJul2018=100, 1990m1-2026m8)

. summarize inpc if anio == 2026 & mes == 1, meanonly

. scalar inpc_ene26 = r(mean)

. gen double defl = inpc_ene26 / inpc

. rename (anio mes) (year month)

. keep year month defl

. tempfile defl

. save `defl'
file C:\Users\LCASTI~1\AppData\Local\Temp\ST_4460_000001.tmp saved as .dta
    format

. 
. 
. /*===========================================================================
> ===
>   2.0 Construcción de las series a partir de las celdas del IMSS
>   Cada renglón de las bases anuales es una celda (municipio x sexo x edad x
>   rango salarial) con el número de puestos (ta), los puestos con salario
>   (ta_sal) y la masa salarial diaria (masa_sal_ta). Se usan solo celdas con
>   masa salarial positiva. El salario de la celda es masa / ta_sal (salario
>   base de cotización diario promedio); se lleva a mensual multiplicando por
>   30.4 días y a pesos de enero de 2026 con el INPC del mes.
> =============================================================================
> =*/
. if $corre_2_0 {
. tempfile nac mun
. forvalues y = 2000/2026 {
  2.     di as res "================  IMSS `y'  ================"
  3.     use year month cve_entidad cve_municipio sexo ta ta_sal masa_sal_ta //
> /
>         using "$imss/imss_`y'.dta" if masa_sal_ta > 0 & ta_sal > 0, clear
  4.     merge m:1 year month using `defl', keep(match) nogenerate
  5.     gen double masa_r = masa_sal_ta * 30.4 * defl          // masa mensual
>  real
  6.     gen double sal    = masa_r / ta_sal                     // salario men
> sual real de la celda
  7. 
.     * (a) Panel municipal por sexo: sumas
.     preserve
  8.         collapse (sum) ta ta_sal masa_r, by(year month cve_entidad cve_mun
> icipio sexo)
  9.         capture append using `mun'
 10.         save `mun', replace
 11.     restore
 12. 
.     * (b) Serie nacional: percentiles y percentil en que cae la media
.     *     (primero el total, después hombres y mujeres por separado)
.     keep year month sexo ta_sal masa_r sal
 13.     bysort year month: egen double m_g = total(masa_r)
 14.     by year month: egen double n_g = total(ta_sal)
 15.     gen byte bajo = (sal < m_g / n_g)
 16.     preserve
 17.         collapse (mean) pctil_media = bajo (p10) p10 = sal (p25) p25 = sal
>  (p50) p50 = sal ///
>                  (p75) p75 = sal (p90) p90 = sal [fw = ta_sal], by(year month
> )
 18.         gen byte g = 0
 19.         tempfile t0
 20.         save `t0'
 21.     restore
 22.     keep if inlist(sexo, 1, 2)
 23.     drop m_g n_g bajo
 24.     bysort year month sexo: egen double m_g = total(masa_r)
 25.     by year month sexo: egen double n_g = total(ta_sal)
 26.     gen byte bajo = (sal < m_g / n_g)
 27.     collapse (mean) pctil_media = bajo (p10) p10 = sal (p25) p25 = sal (p5
> 0) p50 = sal ///
>              (p75) p75 = sal (p90) p90 = sal [fw = ta_sal], by(year month sex
> o)
 28.     rename sexo g
 29.     append using `t0'
 30.     capture append using `nac'
 31.     save `nac', replace
 32. }
================  IMSS 2000  ================
(IMSS asegurados 2000, nivel celda (celdas con empleo))

    Result                      Number of obs
    -----------------------------------------
    Not matched                             0
    Matched                        30,804,172  
    -----------------------------------------
(file C:\Users\LCASTI~1\AppData\Local\Temp\ST_4460_000003.tmp not found)
file C:\Users\LCASTI~1\AppData\Local\Temp\ST_4460_000003.tmp saved as .dta
    format
file C:\Users\LCASTI~1\AppData\Local\Temp\ST_4460_000006.tmp saved as .dta
    format
(0 observations deleted)
(file C:\Users\LCASTI~1\AppData\Local\Temp\ST_4460_000002.tmp not found)
file C:\Users\LCASTI~1\AppData\Local\Temp\ST_4460_000002.tmp saved as .dta
    format
================  IMSS 2001  ================
(IMSS asegurados 2001, nivel celda (celdas con empleo))

    Result                      Number of obs
    -----------------------------------------
    Not matched                             0
    Matched                        32,313,458  
    -----------------------------------------
file C:\Users\LCASTI~1\AppData\Local\Temp\ST_4460_000003.tmp saved as .dta
    format
file C:\Users\LCASTI~1\AppData\Local\Temp\ST_4460_000009.tmp saved as .dta
    format
(0 observations deleted)
file C:\Users\LCASTI~1\AppData\Local\Temp\ST_4460_000002.tmp saved as .dta
    format
================  IMSS 2002  ================
(IMSS asegurados 2002, nivel celda (celdas con empleo))

    Result                      Number of obs
    -----------------------------------------
    Not matched                             0
    Matched                        32,960,556  
    -----------------------------------------
file C:\Users\LCASTI~1\AppData\Local\Temp\ST_4460_000003.tmp saved as .dta
    format
file C:\Users\LCASTI~1\AppData\Local\Temp\ST_4460_00000c.tmp saved as .dta
    format
(0 observations deleted)
file C:\Users\LCASTI~1\AppData\Local\Temp\ST_4460_000002.tmp saved as .dta
    format
================  IMSS 2003  ================
(IMSS asegurados 2003, nivel celda (celdas con empleo))

    Result                      Number of obs
    -----------------------------------------
    Not matched                             0
    Matched                        32,983,526  
    -----------------------------------------
file C:\Users\LCASTI~1\AppData\Local\Temp\ST_4460_000003.tmp saved as .dta
    format
file C:\Users\LCASTI~1\AppData\Local\Temp\ST_4460_00000f.tmp saved as .dta
    format
(0 observations deleted)
file C:\Users\LCASTI~1\AppData\Local\Temp\ST_4460_000002.tmp saved as .dta
    format
================  IMSS 2004  ================
(IMSS asegurados 2004, nivel celda (celdas con empleo))

    Result                      Number of obs
    -----------------------------------------
    Not matched                             0
    Matched                        33,430,006  
    -----------------------------------------
file C:\Users\LCASTI~1\AppData\Local\Temp\ST_4460_000003.tmp saved as .dta
    format
file C:\Users\LCASTI~1\AppData\Local\Temp\ST_4460_00000i.tmp saved as .dta
    format
(0 observations deleted)
file C:\Users\LCASTI~1\AppData\Local\Temp\ST_4460_000002.tmp saved as .dta
    format
================  IMSS 2005  ================
(IMSS asegurados 2005, nivel celda (celdas con empleo))

    Result                      Number of obs
    -----------------------------------------
    Not matched                             0
    Matched                        34,187,065  
    -----------------------------------------
file C:\Users\LCASTI~1\AppData\Local\Temp\ST_4460_000003.tmp saved as .dta
    format
file C:\Users\LCASTI~1\AppData\Local\Temp\ST_4460_00000l.tmp saved as .dta
    format
(0 observations deleted)
file C:\Users\LCASTI~1\AppData\Local\Temp\ST_4460_000002.tmp saved as .dta
    format
================  IMSS 2006  ================
(IMSS asegurados 2006, nivel celda (celdas con empleo))

    Result                      Number of obs
    -----------------------------------------
    Not matched                             0
    Matched                        35,407,326  
    -----------------------------------------
file C:\Users\LCASTI~1\AppData\Local\Temp\ST_4460_000003.tmp saved as .dta
    format
file C:\Users\LCASTI~1\AppData\Local\Temp\ST_4460_00000o.tmp saved as .dta
    format
(0 observations deleted)
file C:\Users\LCASTI~1\AppData\Local\Temp\ST_4460_000002.tmp saved as .dta
    format
================  IMSS 2007  ================
(IMSS asegurados 2007, nivel celda (celdas con empleo))

    Result                      Number of obs
    -----------------------------------------
    Not matched                             0
    Matched                        36,687,077  
    -----------------------------------------
file C:\Users\LCASTI~1\AppData\Local\Temp\ST_4460_000003.tmp saved as .dta
    format
file C:\Users\LCASTI~1\AppData\Local\Temp\ST_4460_00000r.tmp saved as .dta
    format
(0 observations deleted)
file C:\Users\LCASTI~1\AppData\Local\Temp\ST_4460_000002.tmp saved as .dta
    format
================  IMSS 2008  ================
(IMSS asegurados 2008, nivel celda (celdas con empleo))

    Result                      Number of obs
    -----------------------------------------
    Not matched                             0
    Matched                        37,612,357  
    -----------------------------------------
file C:\Users\LCASTI~1\AppData\Local\Temp\ST_4460_000003.tmp saved as .dta
    format
file C:\Users\LCASTI~1\AppData\Local\Temp\ST_4460_00000u.tmp saved as .dta
    format
(0 observations deleted)
file C:\Users\LCASTI~1\AppData\Local\Temp\ST_4460_000002.tmp saved as .dta
    format
================  IMSS 2009  ================
(IMSS asegurados 2009, nivel celda (celdas con empleo))

    Result                      Number of obs
    -----------------------------------------
    Not matched                             0
    Matched                        37,458,147  
    -----------------------------------------
file C:\Users\LCASTI~1\AppData\Local\Temp\ST_4460_000003.tmp saved as .dta
    format
file C:\Users\LCASTI~1\AppData\Local\Temp\ST_4460_00000x.tmp saved as .dta
    format
(0 observations deleted)
file C:\Users\LCASTI~1\AppData\Local\Temp\ST_4460_000002.tmp saved as .dta
    format
================  IMSS 2010  ================
(IMSS asegurados 2010, nivel celda (celdas con empleo))

    Result                      Number of obs
    -----------------------------------------
    Not matched                             0
    Matched                        38,191,762  
    -----------------------------------------
file C:\Users\LCASTI~1\AppData\Local\Temp\ST_4460_000003.tmp saved as .dta
    format
file C:\Users\LCASTI~1\AppData\Local\Temp\ST_4460_000012.tmp saved as .dta
    format
(0 observations deleted)
file C:\Users\LCASTI~1\AppData\Local\Temp\ST_4460_000002.tmp saved as .dta
    format
================  IMSS 2011  ================
(IMSS asegurados 2011, nivel celda (celdas con empleo))

    Result                      Number of obs
    -----------------------------------------
    Not matched                             0
    Matched                        39,094,883  
    -----------------------------------------
file C:\Users\LCASTI~1\AppData\Local\Temp\ST_4460_000003.tmp saved as .dta
    format
file C:\Users\LCASTI~1\AppData\Local\Temp\ST_4460_000015.tmp saved as .dta
    format
(0 observations deleted)
file C:\Users\LCASTI~1\AppData\Local\Temp\ST_4460_000002.tmp saved as .dta
    format
================  IMSS 2012  ================
(IMSS asegurados 2012, nivel celda (celdas con empleo))

    Result                      Number of obs
    -----------------------------------------
    Not matched                             0
    Matched                        40,285,192  
    -----------------------------------------
file C:\Users\LCASTI~1\AppData\Local\Temp\ST_4460_000003.tmp saved as .dta
    format
file C:\Users\LCASTI~1\AppData\Local\Temp\ST_4460_000018.tmp saved as .dta
    format
(0 observations deleted)
file C:\Users\LCASTI~1\AppData\Local\Temp\ST_4460_000002.tmp saved as .dta
    format
================  IMSS 2013  ================
(IMSS asegurados 2013, nivel celda (celdas con empleo))

    Result                      Number of obs
    -----------------------------------------
    Not matched                             0
    Matched                        41,270,734  
    -----------------------------------------
file C:\Users\LCASTI~1\AppData\Local\Temp\ST_4460_000003.tmp saved as .dta
    format
file C:\Users\LCASTI~1\AppData\Local\Temp\ST_4460_00001b.tmp saved as .dta
    format
(0 observations deleted)
file C:\Users\LCASTI~1\AppData\Local\Temp\ST_4460_000002.tmp saved as .dta
    format
================  IMSS 2014  ================
(IMSS asegurados 2014, nivel celda (celdas con empleo))

    Result                      Number of obs
    -----------------------------------------
    Not matched                             0
    Matched                        42,360,912  
    -----------------------------------------
file C:\Users\LCASTI~1\AppData\Local\Temp\ST_4460_000003.tmp saved as .dta
    format
file C:\Users\LCASTI~1\AppData\Local\Temp\ST_4460_00001e.tmp saved as .dta
    format
(0 observations deleted)
file C:\Users\LCASTI~1\AppData\Local\Temp\ST_4460_000002.tmp saved as .dta
    format
================  IMSS 2015  ================
(IMSS asegurados 2015, nivel celda (celdas con empleo))

    Result                      Number of obs
    -----------------------------------------
    Not matched                             0
    Matched                        43,067,793  
    -----------------------------------------
file C:\Users\LCASTI~1\AppData\Local\Temp\ST_4460_000003.tmp saved as .dta
    format
file C:\Users\LCASTI~1\AppData\Local\Temp\ST_4460_00001h.tmp saved as .dta
    format
(0 observations deleted)
file C:\Users\LCASTI~1\AppData\Local\Temp\ST_4460_000002.tmp saved as .dta
    format
================  IMSS 2016  ================
(IMSS asegurados 2016, nivel celda (celdas con empleo))

    Result                      Number of obs
    -----------------------------------------
    Not matched                             0
    Matched                        44,175,762  
    -----------------------------------------
file C:\Users\LCASTI~1\AppData\Local\Temp\ST_4460_000003.tmp saved as .dta
    format
file C:\Users\LCASTI~1\AppData\Local\Temp\ST_4460_00001k.tmp saved as .dta
    format
(0 observations deleted)
file C:\Users\LCASTI~1\AppData\Local\Temp\ST_4460_000002.tmp saved as .dta
    format
================  IMSS 2017  ================
(IMSS asegurados 2017, nivel celda (celdas con empleo))

    Result                      Number of obs
    -----------------------------------------
    Not matched                             0
    Matched                        53,428,316  
    -----------------------------------------
file C:\Users\LCASTI~1\AppData\Local\Temp\ST_4460_000003.tmp saved as .dta
    format
file C:\Users\LCASTI~1\AppData\Local\Temp\ST_4460_00001n.tmp saved as .dta
    format
(0 observations deleted)
file C:\Users\LCASTI~1\AppData\Local\Temp\ST_4460_000002.tmp saved as .dta
    format
================  IMSS 2018  ================
(IMSS asegurados 2018, nivel celda (celdas con empleo))

    Result                      Number of obs
    -----------------------------------------
    Not matched                             0
    Matched                        56,015,131  
    -----------------------------------------
file C:\Users\LCASTI~1\AppData\Local\Temp\ST_4460_000003.tmp saved as .dta
    format
file C:\Users\LCASTI~1\AppData\Local\Temp\ST_4460_00001q.tmp saved as .dta
    format
(0 observations deleted)
file C:\Users\LCASTI~1\AppData\Local\Temp\ST_4460_000002.tmp saved as .dta
    format
================  IMSS 2019  ================
(IMSS asegurados 2019, nivel celda (celdas con empleo))

    Result                      Number of obs
    -----------------------------------------
    Not matched                             0
    Matched                        56,019,176  
    -----------------------------------------
file C:\Users\LCASTI~1\AppData\Local\Temp\ST_4460_000003.tmp saved as .dta
    format
file C:\Users\LCASTI~1\AppData\Local\Temp\ST_4460_00001t.tmp saved as .dta
    format
(0 observations deleted)
file C:\Users\LCASTI~1\AppData\Local\Temp\ST_4460_000002.tmp saved as .dta
    format
================  IMSS 2020  ================
(IMSS asegurados 2020, nivel celda (celdas con empleo))

    Result                      Number of obs
    -----------------------------------------
    Not matched                             0
    Matched                        54,061,900  
    -----------------------------------------
file C:\Users\LCASTI~1\AppData\Local\Temp\ST_4460_000003.tmp saved as .dta
    format
file C:\Users\LCASTI~1\AppData\Local\Temp\ST_4460_00001w.tmp saved as .dta
    format
(0 observations deleted)
file C:\Users\LCASTI~1\AppData\Local\Temp\ST_4460_000002.tmp saved as .dta
    format
================  IMSS 2021  ================
(IMSS asegurados 2021, nivel celda (celdas con empleo))

    Result                      Number of obs
    -----------------------------------------
    Not matched                             0
    Matched                        55,264,258  
    -----------------------------------------
file C:\Users\LCASTI~1\AppData\Local\Temp\ST_4460_000003.tmp saved as .dta
    format
file C:\Users\LCASTI~1\AppData\Local\Temp\ST_4460_000021.tmp saved as .dta
    format
(0 observations deleted)
file C:\Users\LCASTI~1\AppData\Local\Temp\ST_4460_000002.tmp saved as .dta
    format
================  IMSS 2022  ================
(IMSS asegurados 2022, nivel celda (celdas con empleo))

    Result                      Number of obs
    -----------------------------------------
    Not matched                             0
    Matched                        57,705,169  
    -----------------------------------------
file C:\Users\LCASTI~1\AppData\Local\Temp\ST_4460_000003.tmp saved as .dta
    format
file C:\Users\LCASTI~1\AppData\Local\Temp\ST_4460_000024.tmp saved as .dta
    format
(0 observations deleted)
file C:\Users\LCASTI~1\AppData\Local\Temp\ST_4460_000002.tmp saved as .dta
    format
================  IMSS 2023  ================
(IMSS asegurados 2023, nivel celda (celdas con empleo))

    Result                      Number of obs
    -----------------------------------------
    Not matched                             0
    Matched                        50,262,248  
    -----------------------------------------
file C:\Users\LCASTI~1\AppData\Local\Temp\ST_4460_000003.tmp saved as .dta
    format
file C:\Users\LCASTI~1\AppData\Local\Temp\ST_4460_000027.tmp saved as .dta
    format
(0 observations deleted)
file C:\Users\LCASTI~1\AppData\Local\Temp\ST_4460_000002.tmp saved as .dta
    format
================  IMSS 2024  ================
(IMSS asegurados 2024, nivel celda (celdas con empleo))

    Result                      Number of obs
    -----------------------------------------
    Not matched                             0
    Matched                        55,190,956  
    -----------------------------------------
file C:\Users\LCASTI~1\AppData\Local\Temp\ST_4460_000003.tmp saved as .dta
    format
file C:\Users\LCASTI~1\AppData\Local\Temp\ST_4460_00002a.tmp saved as .dta
    format
(40 observations deleted)
file C:\Users\LCASTI~1\AppData\Local\Temp\ST_4460_000002.tmp saved as .dta
    format
================  IMSS 2025  ================
(IMSS asegurados 2025, nivel celda (celdas con empleo))

    Result                      Number of obs
    -----------------------------------------
    Not matched                             0
    Matched                        55,330,302  
    -----------------------------------------
(1 missing value generated)
(1 missing value generated)
file C:\Users\LCASTI~1\AppData\Local\Temp\ST_4460_000003.tmp saved as .dta
    format
file C:\Users\LCASTI~1\AppData\Local\Temp\ST_4460_00002d.tmp saved as .dta
    format
(549 observations deleted)
file C:\Users\LCASTI~1\AppData\Local\Temp\ST_4460_000002.tmp saved as .dta
    format
================  IMSS 2026  ================
(IMSS asegurados 2026, nivel celda (celdas con empleo))

    Result                      Number of obs
    -----------------------------------------
    Not matched                             0
    Matched                        32,798,115  
    -----------------------------------------
file C:\Users\LCASTI~1\AppData\Local\Temp\ST_4460_000003.tmp saved as .dta
    format
file C:\Users\LCASTI~1\AppData\Local\Temp\ST_4460_00002g.tmp saved as .dta
    format
(538 observations deleted)
file C:\Users\LCASTI~1\AppData\Local\Temp\ST_4460_000002.tmp saved as .dta
    format
. 
. * Serie nacional: percentiles + sumas (las sumas salen del panel municipal)
. use `nac', clear
(IMSS asegurados 2026, nivel celda (celdas con empleo))
. tempfile nac2
. save `nac2'
file C:\Users\LCASTI~1\AppData\Local\Temp\ST_4460_00002h.tmp saved as .dta
    format
. use `mun', clear
(IMSS asegurados 2026, nivel celda (celdas con empleo))
. gen byte g = cond(sexo == 1, 1, cond(sexo == 2, 2, 0))
. preserve
.     collapse (sum) ta ta_sal masa_r, by(year month)
.     gen byte g = 0
.     tempfile tot
.     save `tot'
file C:\Users\LCASTI~1\AppData\Local\Temp\ST_4460_00002j.tmp saved as .dta
    format
. restore
. keep if inlist(g, 1, 2)
(566 observations deleted)
. collapse (sum) ta ta_sal masa_r, by(year month g)
. append using `tot'
. merge 1:1 year month g using `nac2', nogenerate

    Result                      Number of obs
    -----------------------------------------
    Not matched                             0
    Matched                               957  
    -----------------------------------------
. gen double media = masa_r / ta_sal                          // promedio ponde
> rado por puestos
. replace pctil_media = 100 * pctil_media
(957 real changes made)
. gen int date = ym(year, month)
. format date %tm
. label define lg 0 "Total" 1 "Hombres" 2 "Mujeres", replace
. label values g lg
. label var ta          "Puestos de trabajo afiliados (celdas con masa salarial
>  positiva)"
. label var media       "Salario mensual promedio (pesos de enero de 2026)"
. label var p50         "Salario mensual mediano (pesos de enero de 2026)"
. label var pctil_media "Percentil de la distribución en que se ubica el promed
> io"
. order date year month g
. sort g date
. compress
  variable ta was double now long
  variable ta_sal was double now long
  (7,656 bytes saved)
. save "$data/construidas/imss_nacional_2000_2026.dta", replace
file C:/Users/lcastillo/Music/TAREA
    2/data/construidas/imss_nacional_2000_2026.dta saved
. 
. * Panel municipal
. use `mun', clear
(IMSS asegurados 2026, nivel celda (celdas con empleo))
. gen int date = ym(year, month)
. format date %tm
. order date year month cve_entidad cve_municipio sexo
. sort date cve_entidad cve_municipio sexo
. compress
  variable ta was double now long
  variable ta_sal was double now long
  (9,073,496 bytes saved)
. save "$data/construidas/imss_mun_masapos_2000_2026.dta", replace
file C:/Users/lcastillo/Music/TAREA
    2/data/construidas/imss_mun_masapos_2000_2026.dta saved
. }   // fin de 2.0

. 
. 
. /*===========================================================================
> ===
>   2.1 Número de puestos de trabajo: total, hombres y mujeres
> =============================================================================
> =*/
. use "$data/construidas/imss_nacional_2000_2026.dta", clear
(IMSS asegurados 2026, nivel celda (celdas con empleo))

. gen double ta_m = ta / 1e6

. twoway (line ta_m date if g == 0, lcolor(black) lwidth(thick)) ///
>        (line ta_m date if g == 1, lcolor("$c1") lwidth(medthick)) ///
>        (line ta_m date if g == 2, lcolor("$c2") lwidth(medthick) lpattern(das
> h)), ///
>     ytitle("Millones de puestos de trabajo", size($gtam)) xtitle("Mes", size(
> $gtam)) ///
>     $xmes ylabel(, labsize($gtam) angle(horizontal) format(%9.0f) grid glcolo
> r(gs14)) ///
>     legend(order(1 "Total" 2 "Hombres" 3 "Mujeres") rows(1) size(small) posit
> ion(6) region(lcolor(white))) ///
>     note("Nota: puestos de trabajo afiliados en celdas con masa salarial posi
> tiva; datos mensuales, enero de 2000 a julio de 2026." ///
>          "$fuente", size(small) span) $gfig

. graph export "$out/Fig_2_1_imss_empleo.png", width(2400) replace
file C:/Users/lcastillo/Music/TAREA 2/papers/output/Fig_2_1_imss_empleo.png
    saved as PNG format

. 
. 
. /*===========================================================================
> ===
>   2.2 y 2.3 Salario mensual promedio y mediano; percentil del promedio
>   El promedio pondera cada celda por su número de puestos (masa / puestos);
>   la mediana y los demás percentiles se calculan sobre la distribución de
>   puestos (cada celda cuenta tantas veces como puestos tiene).
> =============================================================================
> =*/
. twoway (line media date if g == 0, lcolor("$c1") lwidth(medthick)) ///
>        (line p50   date if g == 0, lcolor("$c1") lwidth(medthick) lpattern(da
> sh)), ///
>     ytitle("Pesos mensuales (enero de 2026)", size($gtam)) xtitle("Mes", size
> ($gtam)) ///
>     $xmes ylabel(, labsize($gtam) angle(horizontal) format(%9.0fc) grid glcol
> or(gs14)) ///
>     legend(order(1 "Promedio" 2 "Mediana") rows(1) size(small) position(6) re
> gion(lcolor(white))) ///
>     note("Nota: salario base de cotización diario por 30.4 días; promedio y m
> ediana ponderados por puestos de trabajo." ///
>          "$fuente", size(small) span) $gfig

. graph export "$out/Fig_2_2_imss_salario_media_mediana.png", width(2400) repla
> ce
file C:/Users/lcastillo/Music/TAREA
    2/papers/output/Fig_2_2_imss_salario_media_mediana.png saved as PNG
    format

. 
. twoway (line pctil_media date if g == 0, lcolor("$c1") lwidth(medthick)), ///
>     ytitle("Percentil", size($gtam)) xtitle("Mes", size($gtam)) ///
>     $xmes ylabel(60(5)80, labsize($gtam) angle(horizontal) grid glcolor(gs14)
> ) ///
>     note("Nota: porcentaje de puestos de trabajo con salario menor al salario
>  promedio del mes." ///
>          "$fuente", size(small) span) $gfig

. graph export "$out/Fig_2_3_imss_percentil_promedio.png", width(2400) replace
file C:/Users/lcastillo/Music/TAREA
    2/papers/output/Fig_2_3_imss_percentil_promedio.png saved as PNG format

. 
. * Resumen para el texto: promedio, mediana y percentil (julio de años selecci
> onados)
. list year media p50 pctil_media if g == 0 & month == 7 & inlist(year, 2000, 2
> 006, 2012, 2018, 2019, 2024, 2025, 2026), noobs separator(0)

  +-----------------------------------------+
  | year       media         p50   pctil_~a |
  |-----------------------------------------|
  | 2000   12671.399   8121.4373    73.6717 |
  | 2006   15014.397   8881.4371    69.4222 |
  | 2012   15180.455   8698.1659    69.3594 |
  | 2018   15616.352   9185.0938    70.1508 |
  | 2019   16027.695   9681.1994    71.6529 |
  | 2024   18894.934   12509.485    70.0881 |
  | 2025   19580.864   12904.924      72.83 |
  | 2026   20263.948   13923.771    72.4576 |
  +-----------------------------------------+

. summarize pctil_media if g == 0

    Variable |        Obs        Mean    Std. dev.       Min        Max
-------------+---------------------------------------------------------
 pctil_media |        319    70.39151    1.294465   69.00214   73.88934

. 
. 
. /*===========================================================================
> ===
>   2.4 y 2.5 Brecha salarial de género con intervalos de confianza bootstrap
>   Brecha = (1 - promedio mujeres / promedio hombres) x 100.
>   Intervalo al 95% por el método del percentil: en cada mes se remuestrean
>   con reemplazo los municipios (bootstrap por conglomerados, 1,000
>   repeticiones) y se recalcula la brecha con las sumas de masa y puestos.
> =============================================================================
> =*/
. keep if inlist(g, 1, 2)
(319 observations deleted)

. keep date g media

. reshape wide media, i(date) j(g)
(j = 1 2)

Data                               Long   ->   Wide
-----------------------------------------------------------------------------
Number of observations              638   ->   319         
Number of variables                   3   ->   3           
j variable (2 values)                 g   ->   (dropped)
xij variables:
                                  media   ->   media1 media2
-----------------------------------------------------------------------------

. gen double brecha = 100 * (1 - media2 / media1)

. tempfile brecha

. save `brecha'
file C:\Users\LCASTI~1\AppData\Local\Temp\ST_4460_00002k.tmp saved as .dta
    format

. 
. use "$data/construidas/imss_mun_masapos_2000_2026.dta", clear
(IMSS asegurados 2026, nivel celda (celdas con empleo))

. keep if inlist(sexo, 1, 2)
(566 observations deleted)

. egen long idmun = group(cve_entidad cve_municipio)

. collapse (sum) ta_sal masa_r, by(date idmun sexo)

. reshape wide ta_sal masa_r, i(date idmun) j(sexo)
(j = 1 2)

Data                               Long   ->   Wide
-----------------------------------------------------------------------------
Number of observations        1,133,621   ->   591,891     
Number of variables                   5   ->   6           
j variable (2 values)              sexo   ->   (dropped)
xij variables:
                                 ta_sal   ->   ta_sal1 ta_sal2
                                 masa_r   ->   masa_r1 masa_r2
-----------------------------------------------------------------------------

. foreach v in ta_sal1 ta_sal2 masa_r1 masa_r2 {
  2.     replace `v' = 0 if missing(`v')
  3. }
(7,839 real changes made)
(42,322 real changes made)
(7,839 real changes made)
(42,322 real changes made)

. sort date idmun

. 
. mata:
------------------------------------------------- mata (type end to exit) -----
: void boot_brecha(real scalar B)
> {
>     real matrix D, info, X, R, S
>     real colvector g, idx
>     real scalar i, b, n
>     D    = st_data(., ("date", "masa_r1", "ta_sal1", "masa_r2", "ta_sal2"))
>     info = panelsetup(D, 1)
>     R    = J(rows(info), 3, .)
>     for (i = 1; i <= rows(info); i++) {
>         X = panelsubmatrix(D, i, info)
>         n = rows(X)
>         g = J(B, 1, .)
>         for (b = 1; b <= B; b++) {
>             idx  = ceil(n :* runiform(n, 1))
>             S    = colsum(X[idx, (2..5)])
>             g[b] = 100 * (1 - (S[3] / S[4]) / (S[1] / S[2]))
>         }
>         _sort(g, 1)
>         R[i, .] = (X[1, 1], g[ceil(0.025 * B)], g[ceil(0.975 * B)])
>     }
>     st_matrix("IC", R)
> }

: end
-------------------------------------------------------------------------------

. set seed 20261005

. mata: boot_brecha(1000)

. clear

. svmat double IC, names(col)
number of observations will be reset to 319
Press any key to continue, or Break to abort
Number of observations (_N) was 0, now 319.

. rename (c1 c2 c3) (date ic_inf ic_sup)

. merge 1:1 date using `brecha', nogenerate

    Result                      Number of obs
    -----------------------------------------
    Not matched                             0
    Matched                               319  
    -----------------------------------------

. format date %tm

. save "$data/construidas/imss_brecha_genero.dta", replace
file C:/Users/lcastillo/Music/TAREA 2/data/construidas/imss_brecha_genero.dta
    saved

. 
. twoway (rarea ic_inf ic_sup date, color("$c1%25") lwidth(none)) ///
>        (line brecha date, lcolor("$c1") lwidth(medthick)), ///
>     ytitle("Brecha (% del salario de los hombres)", size($gtam)) xtitle("Mes"
> , size($gtam)) ///
>     $xmes ylabel(, labsize($gtam) angle(horizontal) format(%9.0f) grid glcolo
> r(gs14)) ///
>     legend(order(2 "Brecha salarial de género" 1 "Intervalo de confianza al 9
> 5%") rows(1) size(small) position(6) region(lcolor(white))) ///
>     note("Nota: brecha = (1 - salario promedio de las mujeres / salario prome
> dio de los hombres) x 100. Intervalo por el método del" ///
>          "percentil con 1,000 remuestreos de municipios por mes." ///
>          "$fuente", size(small) span) $gfig

. graph export "$out/Fig_2_4_imss_brecha_genero.png", width(2400) replace
file C:/Users/lcastillo/Music/TAREA
    2/papers/output/Fig_2_4_imss_brecha_genero.png saved as PNG format

. list date brecha ic_inf ic_sup if inlist(date, tm(2000m1), tm(2010m1), tm(201
> 9m1), tm(2020m7), tm(2026m7)), noobs

  +--------------------------------------------+
  |   date      brecha      ic_inf      ic_sup |
  |--------------------------------------------|
  | 2000m1    19.62364   18.142695   22.602297 |
  | 2010m1   14.871872   12.597489   18.667337 |
  | 2019m1    12.65908    10.36422   16.128891 |
  | 2020m7    12.67389   10.487567   15.768711 |
  | 2026m7   10.724517   8.7742001   13.135055 |
  +--------------------------------------------+

. 
. 
. /*===========================================================================
> ===
>   2.6 y 2.7 Entidades: brecha de género 2026, efecto de la COVID y
>   crecimiento del empleo 2012-2026
> =============================================================================
> =*/
. import delimited using "$data/catalogos/ageeml_entidades.csv", clear varnames
> (1) encoding(utf8)
(8 vars, 32 obs)

. keep cve_ent nom_ent

. rename cve_ent cve_entidad

. replace nom_ent = "Coahuila"  if cve_entidad == 5      // nombres cortos para
>  el cuadro
(1 real change made)

. replace nom_ent = "Michoacán" if cve_entidad == 16
(1 real change made)

. replace nom_ent = "Veracruz"  if cve_entidad == 30
(1 real change made)

. tempfile nomes

. save `nomes'
file C:\Users\LCASTI~1\AppData\Local\Temp\ST_4460_00002l.tmp saved as .dta
    format

. 
. use "$data/construidas/imss_mun_masapos_2000_2026.dta", clear
(IMSS asegurados 2026, nivel celda (celdas con empleo))

. * Brecha 2026 (enero a julio)
. preserve

.     keep if year == 2026 & inlist(sexo, 1, 2)
(1,105,912 observations deleted)

.     collapse (sum) masa_r ta_sal, by(cve_entidad sexo)

.     gen double sal = masa_r / ta_sal

.     keep cve_entidad sexo sal

.     reshape wide sal, i(cve_entidad) j(sexo)
(j = 1 2)

Data                               Long   ->   Wide
-----------------------------------------------------------------------------
Number of observations               64   ->   32          
Number of variables                   3   ->   3           
j variable (2 values)              sexo   ->   (dropped)
xij variables:
                                    sal   ->   sal1 sal2
-----------------------------------------------------------------------------

.     gen double brecha26 = 100 * (1 - sal2 / sal1)

.     keep cve_entidad brecha26

.     tempfile b26

.     save `b26'
file C:\Users\LCASTI~1\AppData\Local\Temp\ST_4460_00002n.tmp saved as .dta
    format

. restore

. * Empleo por entidad en meses clave
. collapse (sum) ta, by(cve_entidad date)

. keep if inlist(date, tm(2012m7), tm(2020m2), tm(2020m7), tm(2026m7))
(10,081 observations deleted)

. gen str7 m = string(date, "%tmCCYY!mNN")

. replace m = subinstr(m, "m", "_", .)
(128 real changes made)

. keep cve_entidad m ta

. reshape wide ta, i(cve_entidad) j(m) string
(j = 2012_07 2020_02 2020_07 2026_07)

Data                               Long   ->   Wide
-----------------------------------------------------------------------------
Number of observations              128   ->   32          
Number of variables                   3   ->   5           
j variable (4 values)                 m   ->   (dropped)
xij variables:
                                     ta   ->   ta2012_07 ta2020_02 ... ta2026_0
> 7
-----------------------------------------------------------------------------

. gen double covid_corto = 100 * (ta2020_07 / ta2020_02 - 1)

. gen double covid_largo = 100 * (ta2026_07 / ta2020_02 - 1)

. gen double emp_12_26   = 100 * (ta2026_07 / ta2012_07 - 1)

. merge 1:1 cve_entidad using `b26', nogenerate

    Result                      Number of obs
    -----------------------------------------
    Not matched                             0
    Matched                                32  
    -----------------------------------------

. merge 1:1 cve_entidad using `nomes', nogenerate

    Result                      Number of obs
    -----------------------------------------
    Not matched                             0
    Matched                                32  
    -----------------------------------------

. save "$data/construidas/imss_entidades_indicadores.dta", replace
file C:/Users/lcastillo/Music/TAREA
    2/data/construidas/imss_entidades_indicadores.dta saved

. 
. di _n "Brecha de género 2026: menor y mayor"

Brecha de género 2026: menor y mayor

. sort brecha26

. list nom_ent brecha26 in 1/3, noobs

  +--------------------------+
  |      nom_ent    brecha26 |
  |--------------------------|
  | Quintana Roo   2.7767288 |
  |     Veracruz   4.4603868 |
  |      Nayarit   4.9109687 |
  +--------------------------+

. list nom_ent brecha26 in -3/l, noobs

  +----------------------------+
  |        nom_ent    brecha26 |
  |----------------------------|
  | Aguascalientes   15.208676 |
  |       Coahuila   18.196145 |
  |       Campeche   20.994121 |
  +----------------------------+

. di _n "COVID: febrero 2020 a julio 2020 (caída inmediata) y a julio 2026"

COVID: febrero 2020 a julio 2020 (caída inmediata) y a julio 2026

. sort covid_corto

. list nom_ent covid_corto covid_largo in 1/5, noobs

  +-----------------------------------------------+
  |             nom_ent   covid_co~o   covid_la~o |
  |-----------------------------------------------|
  |        Quintana Roo   -24.496849     9.548754 |
  | Baja California Sur   -10.885936    22.448482 |
  |             Sinaloa   -9.8610803   -3.6005077 |
  |             Nayarit   -8.6585518    19.513108 |
  |            Guerrero   -8.2464578    4.3013129 |
  +-----------------------------------------------+

. sort covid_largo

. list nom_ent covid_corto covid_largo in 1/5, noobs

  +--------------------------------------+
  |    nom_ent   covid_co~o   covid_la~o |
  |--------------------------------------|
  |    Sinaloa   -9.8610803   -3.6005077 |
  |   Campeche   -7.6366595   -3.5267944 |
  | Tamaulipas   -3.7973311   -1.0553838 |
  |     Sonora   -6.0739901    .09080846 |
  |    Morelos   -4.9499899    1.1431569 |
  +--------------------------------------+

. di _n "Crecimiento del empleo julio 2012 - julio 2026"

Crecimiento del empleo julio 2012 - julio 2026

. gsort -emp_12_26

. list nom_ent emp_12_26 in 1/5, noobs

  +---------------------------------+
  |             nom_ent   emp_12_26 |
  |---------------------------------|
  |        Quintana Roo   85.652652 |
  | Baja California Sur   84.273651 |
  |           Querétaro   82.181262 |
  |     Baja California   66.401166 |
  |             Nayarit   66.166773 |
  +---------------------------------+

. 
. * Cuadro por entidad
. label var brecha26    "Brecha de género 2026 (%)"

. label var covid_corto "Feb. 2020-jul. 2020"

. label var covid_largo "Feb. 2020-jul. 2026"

. label var emp_12_26   "Jul. 2012-jul. 2026"

. sort nom_ent

. gen int orden = _n

. forvalues i = 1/`=_N' {
  2.     label define lorden `i' "`=nom_ent[`i']'", add
  3. }

. label values orden lorden

. table (orden), statistic(mean brecha26 covid_corto covid_largo emp_12_26) not
> otals

--------------------------------------------------------------------------------------------------------------------
                      |  Brecha de género 2026 (%)   Feb. 2020-jul. 2020   Feb. 2020-jul. 2026   Jul. 2012-jul. 2026
----------------------+---------------------------------------------------------------------------------------------
orden                 |                                                                                             
  Aguascalientes      |                   15.20868             -4.972271              7.270927              62.94874
  Baja California     |                   11.46699             -.3158747              19.32597              66.40117
  Baja California Sur |                   6.582159             -10.88594              22.44848              84.27365
  Campeche            |                   20.99412              -7.63666             -3.526794             -9.079907
  Chiapas             |                    5.89186               -2.4827              16.94815              25.48474
  Chihuahua           |                   13.87118             -1.402794              7.459015              41.79573
  Ciudad de México    |                   6.534631             -5.520331              6.726431              33.91888
  Coahuila            |                   18.19614             -4.643479              10.31039              38.30349
  Colima              |                   12.33387             -3.225193              14.89687              44.19384
  Durango             |                   13.64839             -3.785329              9.098595              29.29813
  Guanajuato          |                   14.68686             -4.659323              10.78719              62.07953
  Guerrero            |                   11.20018             -8.246458              4.301313               13.4016
  Hidalgo             |                   12.19745              -7.02677              27.26832              59.65901
  Jalisco             |                   11.83587             -4.776393              12.57984              55.81232
  Michoacán           |                   10.41481             -4.248374              5.884011               42.2327
  Morelos             |                    9.57453              -4.94999              1.143157              15.32716
  México              |                   11.42098             -3.627318              24.72895              56.01421
  Nayarit             |                   4.910969             -8.658552              19.51311              66.16677
  Nuevo León          |                    12.7088             -4.924115               19.4242              55.46507
  Oaxaca              |                   7.966641              -7.34037              9.184739              38.19326
  Puebla              |                   13.04772             -6.456746              5.570535              40.08177
  Querétaro           |                   14.54387             -5.636612              17.12722              82.18126
  Quintana Roo        |                   2.776729             -24.49685              9.548754              85.65265
  San Luis Potosí     |                   13.78956             -4.766027              10.38478              54.81532
  Sinaloa             |                   8.482361              -9.86108             -3.600508              41.17271
  Sonora              |                   13.98337              -6.07399              .0908085              27.82749
  Tabasco             |                   9.763067             -2.334355              19.24782              15.24311
  Tamaulipas          |                   9.824718             -3.797331             -1.055384              21.18714
  Tlaxcala            |                   9.721084             -3.874628              12.86458              55.74698
  Veracruz            |                   4.460387              -7.14762              2.886753               10.7208
  Yucatán             |                   7.671144             -6.286262              11.85809              48.90014
  Zacatecas           |                   13.89303             -3.113807              1.212517              34.19166
--------------------------------------------------------------------------------------------------------------------

. estilo_cuadro

. collect style header orden, title(hide)

. collect style cell var[brecha26 covid_corto covid_largo emp_12_26], nformat(%
> 9.1f)

. collect title "Cuadro 2.1. Entidades federativas: brecha salarial de género e
> n 2026 y cambio porcentual del empleo formal"

. exporta_cuadro, archivo("$out/Cuadro_2_1_imss_entidades") ///
>     nota("Nota: brecha = (1 - salario promedio de las mujeres / salario prome
> dio de los hombres) x 100, con los meses de enero a julio de 2026. Las tres ú
> ltimas columnas son el cambio porcentual de los puestos de trabajo afiliados 
> entre los meses indicados.") ///
>     fuente("$fuente")
(collection Table exported to file C:/Users/lcastillo/Music/TAREA
 2/papers/output/Cuadro_2_1_imss_entidades.xlsx)
(collection Table posted to putdocx)
successfully replaced "C:/Users/lcastillo/Music/TAREA 2/papers/output/Cuadro_2_
> 1_imss_entidades.docx"

. 
. 
. /*===========================================================================
> ===
>   2.8 y 2.9 Cambios en empleo y salario: entidades (Stata y R) y municipios (
> R)
>   Bases: julio de 2006 y julio de 2016; periodo final: julio de 2026.
> =============================================================================
> =*/
. * ---- Entidades
. use "$data/construidas/imss_mun_masapos_2000_2026.dta", clear
(IMSS asegurados 2026, nivel celda (celdas con empleo))

. keep if inlist(date, tm(2006m7), tm(2016m7), tm(2026m7))
(1,123,181 observations deleted)

. collapse (sum) ta ta_sal masa_r, by(cve_entidad year)

. gen double sal = masa_r / ta_sal

. keep cve_entidad year ta sal

. reshape wide ta sal, i(cve_entidad) j(year)
(j = 2006 2016 2026)

Data                               Long   ->   Wide
-----------------------------------------------------------------------------
Number of observations               96   ->   32          
Number of variables                   4   ->   7           
j variable (3 values)              year   ->   (dropped)
xij variables:
                                     ta   ->   ta2006 ta2016 ta2026
                                    sal   ->   sal2006 sal2016 sal2026
-----------------------------------------------------------------------------

. foreach b in 2006 2016 {
  2.     gen double demp_`b' = 100 * (ta2026 / ta`b' - 1)
  3.     gen double dsal_`b' = 100 * (sal2026 / sal`b' - 1)
  4. }

. export delimited using "$data/construidas/imss_cambios_entidad.csv", replace
file C:/Users/lcastillo/Music/TAREA 2/data/construidas/imss_cambios_entidad.csv
>  saved

. tempfile cambios_ent

. save `cambios_ent'
file C:\Users\LCASTI~1\AppData\Local\Temp\ST_4460_00002o.tmp saved as .dta
    format

. 
. capture grmap, activate

. cd "$data/mapas"                                // grmap busca aquí el archiv
> o de coordenadas
C:\Users\lcastillo\Music\TAREA 2\data\mapas

. use "$data/mapas/entidades.dta", clear

. destring CVE_ENT, generate(cve_entidad)
CVE_ENT: all characters numeric; cve_entidad generated as byte

. merge 1:1 cve_entidad using `cambios_ent', nogenerate

    Result                      Number of obs
    -----------------------------------------
    Not matched                             0
    Matched                                32  
    -----------------------------------------

. format demp_* dsal_* %9.1f                      // formato de las etiquetas d
> e la leyenda

. local nota_m "Fuente: elaboración propia con datos del IMSS (puestos de traba
> jo afiliados)."

. foreach b in 2006 2016 {
  2.     grmap demp_`b', clmethod(quantile) clnumber(5) fcolor(Blues) ocolor(wh
> ite ..) osize(vthin ..) ///
>         legend(position(7) size(small) region(lcolor(white))) legtitle("Cambi
> o del empleo (%)") ///
>         legstyle(2) title("Empleo", size($gtam) color(black)) name(e`b', repl
> ace) nodraw
  3.     grmap dsal_`b', clmethod(quantile) clnumber(5) fcolor(Oranges) ocolor(
> white ..) osize(vthin ..) ///
>         legend(position(7) size(small) region(lcolor(white))) legtitle("Cambi
> o del salario real (%)") ///
>         legstyle(2) title("Salario promedio real", size($gtam) color(black)) 
> name(s`b', replace) nodraw
  4.     graph combine e`b' s`b', rows(1) iscale(1) graphregion(color(white)) x
> size(6.5) ysize(3.6) ///
>         note("Nota: cambio porcentual entre julio de `b' y julio de 2026; qui
> ntiles. Salario mensual real en pesos de enero de 2026." ///
>              "`nota_m'", size(small) span)
  5.     graph export "$out/Fig_2_8_stata_entidades_`b'_2026.png", width(2400) 
> replace
  6. }
file C:/Users/lcastillo/Music/TAREA
    2/papers/output/Fig_2_8_stata_entidades_2006_2026.png saved as PNG format
file C:/Users/lcastillo/Music/TAREA
    2/papers/output/Fig_2_8_stata_entidades_2016_2026.png saved as PNG format

. cd "$root"
C:\Users\lcastillo\Music\TAREA 2

. 
. * ---- Municipios (cruce de claves IMSS -> INEGI)
. use "$data/construidas/imss_mun_masapos_2000_2026.dta", clear
(IMSS asegurados 2026, nivel celda (celdas con empleo))

. keep if inlist(date, tm(2006m7), tm(2016m7), tm(2026m7))
(1,123,181 observations deleted)

. merge m:1 cve_entidad cve_municipio using "$data/catalogos/imss_inegi_municip
> ios.dta", ///
>     keepusing(cvegeo zlfn) keep(master match)

    Result                      Number of obs
    -----------------------------------------
    Not matched                             0
    Matched                            11,006  (_merge==3)
    -----------------------------------------

. tab _merge

   Matching result from |
                  merge |      Freq.     Percent        Cum.
------------------------+-----------------------------------
            Matched (3) |     11,006      100.00      100.00
------------------------+-----------------------------------
                  Total |     11,006      100.00

. drop _merge

. collapse (sum) ta ta_sal masa_r (max) zlfn, by(cvegeo year)

. gen double sal = masa_r / ta_sal

. keep cvegeo zlfn year ta sal

. reshape wide ta sal, i(cvegeo zlfn) j(year)
(j = 2006 2016 2026)

Data                               Long   ->   Wide
-----------------------------------------------------------------------------
Number of observations            5,653   ->   2,166       
Number of variables                   5   ->   8           
j variable (3 values)              year   ->   (dropped)
xij variables:
                                     ta   ->   ta2006 ta2016 ta2026
                                    sal   ->   sal2006 sal2016 sal2026
-----------------------------------------------------------------------------

. foreach b in 2006 2016 {
  2.     gen byte muestra_`b' = (ta`b' >= 10000 & !missing(ta`b') & !missing(ta
> 2026))
  3.     gen double demp_`b' = 100 * (ta2026 / ta`b' - 1) if muestra_`b'
  4.     gen double dsal_`b' = 100 * (sal2026 / sal`b' - 1) if muestra_`b'
  5.     count if muestra_`b'
  6.     di as res "Municipios con al menos 10,000 puestos en julio de `b': `r(
> N)'"
  7. }
(2,014 missing values generated)
(2,014 missing values generated)
  152
Municipios con al menos 10,000 puestos en julio de 2006: 152
(1,979 missing values generated)
(1,979 missing values generated)
  187
Municipios con al menos 10,000 puestos en julio de 2016: 187

. export delimited using "$data/construidas/imss_cambios_municipio.csv", replac
> e
file C:/Users/lcastillo/Music/TAREA 2/data/construidas/imss_cambios_municipio.c
> sv saved

. 
. * ZLFN frente al resto (para la discusión del inciso 2.10)
. foreach b in 2006 2016 {
  2.     di _n "Base `b': ZLFN (1) frente al resto (0)"
  3.     tabstat demp_`b' dsal_`b' [aw = ta`b'], by(zlfn) statistics(mean) form
> at(%9.1f)
  4. }

Base 2006: ZLFN (1) frente al resto (0)

Summary statistics: Mean
Group variable: zlfn ((max) zlfn)

    zlfn |  dem~2006  dsa~2006
---------+--------------------
       0 |      66.1      32.7
       1 |      44.8      58.3
---------+--------------------
   Total |      63.3      36.0
------------------------------

Base 2016: ZLFN (1) frente al resto (0)

Summary statistics: Mean
Group variable: zlfn ((max) zlfn)

    zlfn |  dem~2016  dsa~2016
---------+--------------------
       0 |      22.9      27.7
       1 |      22.4      54.0
---------+--------------------
   Total |      22.8      30.6
------------------------------

. 
. * ---- Mapas en R (entidades y municipios)
. shell $rscript "$prog/P2_mapas.R"
Mapas de R guardados en C:/Users/lcastillo/Music/TAREA 2/papers/output 

. 
. 
. /*===========================================================================
> ===
>   2.11 Control sintético: salario mínimo e IVA en la ZLFN (inicia en 2019)
>   Unidad tratada: la ZLFN (suma de sus municipios). Donadores: las 31
>   entidades sin sus municipios de la ZLFN (Baja California queda fuera
>   porque todos sus municipios pertenecen a la zona). Periodo: enero de 2015
>   a julio de 2026 (último mes disponible). Variables: índice de empleo e
>   índice del salario promedio real (septiembre de 2018 = 100).
> =============================================================================
> =*/
. if $corre_2_11 {
. use "$data/construidas/imss_mun_masapos_2000_2026.dta", clear
(IMSS asegurados 2026, nivel celda (celdas con empleo))
. keep if inrange(date, tm(2015m1), tm(2026m7))
(588,361 observations deleted)
. merge m:1 cve_entidad cve_municipio using "$data/catalogos/imss_inegi_municip
> ios.dta", ///
>     keepusing(zlfn) keep(master match) nogenerate

    Result                      Number of obs
    -----------------------------------------
    Not matched                             1
        from master                         1  
        from using                          0  

    Matched                           545,825  
    -----------------------------------------
. replace zlfn = 0 if missing(zlfn)
(1 real change made)
. gen byte unidad = cond(zlfn == 1, 33, cve_entidad)
(1 missing value generated)
. drop if unidad == 2
(0 observations deleted)
. drop if missing(unidad)
(1 observation deleted)
. collapse (sum) ta ta_sal masa_r, by(unidad date)
. bysort unidad: gen int nmeses = _N
. tab unidad if nmeses < 139                      // unidades sin los 139 meses
>  (se excluyen)
no observations
. keep if nmeses == 139                           // panel balanceado: enero 20
> 15 a julio 2026
(0 observations deleted)
. drop nmeses
. gen double sal = masa_r / ta_sal
. foreach v in ta sal {
  2.     bysort unidad (date): egen double base = total(`v' * (date == tm(2018m
> 9)))   // base: septiembre de 2018, como en Campos-Vázquez et al. (2020)
  3.     gen double i_`v' = 100 * `v' / base
  4.     drop base
  5. }
. label define lunidad 33 "ZLFN", replace
. label values unidad lunidad
. tsset unidad date

Panel variable: unidad (strongly balanced)
 Time variable: date, 2015m1 to 2026m7
         Delta: 1 month
. save "$data/construidas/imss_panel_zlfn.dta", replace
file C:/Users/lcastillo/Music/TAREA 2/data/construidas/imss_panel_zlfn.dta
    saved
. 
. * Especificaciones candidatas (rezagos de la variable de resultado)
. local pre "`=tm(2015m1)'(1)`=tm(2018m12)'"
. local sp1  "Y(`=tm(2015m1)') Y(`=tm(2016m1)') Y(`=tm(2017m1)') Y(`=tm(2018m1)
> ') Y(`=tm(2018m12)')"
. local sp2  "Y(`=tm(2015m1)'(1)`=tm(2015m12)') Y(`=tm(2016m1)'(1)`=tm(2016m12)
> ') Y(`=tm(2017m1)'(1)`=tm(2017m12)') Y(`=tm(2018m1)'(1)`=tm(2018m12)')"
. local sp3  "Y(`=tm(2018m3)') Y(`=tm(2018m6)') Y(`=tm(2018m10)') Y(`=tm(2018m1
> 2)')"
. local sp4  "Y(`=tm(2015m6)') Y(`=tm(2016m6)') Y(`=tm(2017m6)') Y(`=tm(2018m6)
> ') Y(`=tm(2018m12)')"
. local sp5  "Y(`=tm(2015m6)') Y(`=tm(2015m12)') Y(`=tm(2016m6)') Y(`=tm(2016m1
> 2)') Y(`=tm(2017m6)') Y(`=tm(2017m12)') Y(`=tm(2018m6)') Y(`=tm(2018m12)')"
. local sp6  "Y(`pre') Y(`=tm(2018m12)')"
. local sp7  "Y(`=tm(2017m1)'(1)`=tm(2017m12)') Y(`=tm(2018m1)'(1)`=tm(2018m12)
> ') Y(`=tm(2018m12)')"
. local sp8  "Y(`=tm(2016m12)') Y(`=tm(2017m12)') Y(`=tm(2018m12)')"
. local sp9  "Y(`=tm(2015m3)') Y(`=tm(2015m9)') Y(`=tm(2016m3)') Y(`=tm(2016m9)
> ') Y(`=tm(2017m3)') Y(`=tm(2017m9)') Y(`=tm(2018m3)') Y(`=tm(2018m8)') Y(`=tm
> (2018m12)')"
. local sp10 "Y(`=tm(2018m1)') Y(`=tm(2018m4)') Y(`=tm(2018m7)') Y(`=tm(2018m10
> )') Y(`=tm(2018m12)')"
. local sp11 "Y(`=tm(2015m1)'(1)`=tm(2016m12)') Y(`=tm(2017m1)'(1)`=tm(2018m12)
> ')"
. local sp12 "Y(`=tm(2015m12)') Y(`=tm(2016m12)') Y(`=tm(2017m12)') Y(`=tm(2018
> m6)') Y(`=tm(2018m12)')"
. local desc1  "Enero de cada año y dic. 2018"
. local desc2  "Promedios anuales 2015-2018"
. local desc3  "Marzo, junio, octubre y diciembre 2018"
. local desc4  "Junio de cada año y dic. 2018"
. local desc5  "Semestral 2015-2018"
. local desc6  "Promedio del periodo previo y dic. 2018"
. local desc7  "Promedios 2017 y 2018 y dic. 2018"
. local desc8  "Diciembre 2016, 2017 y 2018"
. local desc9  "Marzo y sept. 2015-2017, mar. y ago. 2018, dic. 2018"
. local desc10 "Enero, abril, julio y octubre 2018 y dic. 2018"
. local desc11 "Promedios bienales 2015-2016 y 2017-2018"
. local desc12 "Diciembre 2015-2017, jun. y dic. 2018"
. 
. tempname pf
. tempfile res
. postfile `pf' str3 var int espec str60 desc double(rmspe efecto pval) using `
> res', replace
(file C:\Users\LCASTI~1\AppData\Local\Temp\ST_4460_00002p.tmp not found)
. foreach v in ta sal {
  2.     * Paso 1: RMSPE previo de las 12 especificaciones
.     local lista ""
  3.     forvalues k = 1/12 {
  4.         local preds = subinstr("`sp`k''", "Y(", "i_`v'(", .)
  5.         quietly synth i_`v' `preds', trunit(33) trperiod(`=tm(2019m1)')
  6.         local rm`k' = el(e(RMSPE), 1, 1)
  7.         local lista "`lista' `=string(`rm`k'', "%012.6f")':`k'"
  8.         di as txt "`v' especificación `k': RMSPE previo = " %6.3f `rm`k''
  9.     }
 10.     * Paso 2: las 10 de menor RMSPE, con valor p por placebos
.     local orden : list sort lista
 11.     local n = 0
 12.     foreach par of local orden {
 13.         local ++n
 14.         if `n' > 10 continue
 15.         local k = substr("`par'", strpos("`par'", ":") + 1, .)
 16.         local preds = subinstr("`sp`k''", "Y(", "i_`v'(", .)
 17.         foreach x in lead effect pre_rmspe post_rmspe i_`v'_synth {
 18.             capture drop `x'                    // una por una: capture dr
> op con lista no borra nada si falta alguna
 19.         }
 20.         synth_runner i_`v' `preds', trunit(33) trperiod(`=tm(2019m1)') gen
> _vars
 21.         local p = e(pval_joint_post)
 22.         summarize effect if unidad == 33 & date >= tm(2019m1), meanonly
 23.         post `pf' ("`v'") (`k') ("`desc`k''") (`rm`k'') (r(mean)) (`p')
 24.         if `n' == 1 {
 25.             * Modelo elegido (menor RMSPE): se guardan la serie sintética 
> y los placebos
.             preserve
 26.                 keep unidad date i_`v' i_`v'_synth effect
 27.                 rename (i_`v' i_`v'_synth effect) (obs sint efecto)
 28.                 gen str3 var = "`v'"
 29.                 tempfile elegido_`v'
 30.                 save `elegido_`v''
 31.             restore
 32.             local mejor_`v' = `k'
 33.         }
 34.     }
 35. }
ta especificación 1: RMSPE previo =  0.477
ta especificación 2: RMSPE previo =  0.369
ta especificación 3: RMSPE previo =  0.870
ta especificación 4: RMSPE previo =  0.946
ta especificación 5: RMSPE previo =  0.602
ta especificación 6: RMSPE previo =  0.601
ta especificación 7: RMSPE previo =  0.771
ta especificación 8: RMSPE previo =  2.422
ta especificación 9: RMSPE previo =  0.475
ta especificación 10: RMSPE previo =  0.618
ta especificación 11: RMSPE previo =  0.781
ta especificación 12: RMSPE previo =  0.764
Estimating the treatment effects
Estimating the possible placebo effects (one set for each of the 1 treatment pe
> riods)
|                             | Total: 31
..............................| 14.00s elapsed. 

Conducting inference: 5 steps, and 31 placebo averages
Step 1... Finished
Step 2... Finished
Step 3... Finished
Step 4... Finished
Step 5... Finished

Post-treatment results: Effects, p-values, standardized p-values

             | estimates      pvals  pvals_std 
-------------+--------------------------------
          c1 |  1.023515   .3548387   .0322581 
          c2 |  .9828242   .3548387   .0322581 
          c3 |  .8203399   .4516129   .1935484 
          c4 | -.1375784   .9032258   .8387097 
          c5 | -.3452934   .7096774   .5483871 
          c6 | -.3120479   .8387097   .6129032 
          c7 |  .6648412   .7741935   .3870968 
          c8 |  .5938899   .7419355    .516129 
          c9 |  .5324585   .7419355   .5483871 
         c10 | -.1854518   .9677419   .9354839 
         c11 |   -.90584   .7741935   .3870968 
         c12 | -.1592816   .9354839   .8387097 
         c13 |  .2953593   .9354839   .7741935 
         c14 |  .4852106   .8064516   .6129032 
         c15 |  .3193741   .8064516   .6774194 
         c16 |  1.209534   .6129032   .3870968 
         c17 |  2.319796   .4516129   .1935484 
         c18 |   3.24867   .4193548   .1612903 
         c19 |  4.937119   .2580645   .0967742 
         c20 |  5.050936   .2580645   .0967742 
         c21 |  5.498756   .2258065   .0967742 
         c22 |  5.506599   .2258065   .0967742 
         c23 |  5.117077   .2580645   .0967742 
         c24 |   5.48959   .1935484   .0967742 
         c25 |   6.68341   .1935484   .0645161 
         c26 |  6.457821   .1935484   .0967742 
         c27 |   6.62981   .2258065   .0322581 
         c28 |  6.335305   .2580645   .0322581 
         c29 |  5.947188   .3225806   .0322581 
         c30 |  5.830885   .3548387   .0645161 
         c31 |  5.668974   .3548387   .0645161 
         c32 |  5.001513   .4193548   .1290323 
         c33 |  5.587102   .4193548   .0967742 
         c34 |  5.139221   .4193548   .1290323 
         c35 |   4.55747   .4193548   .1290323 
         c36 |  3.673764    .516129   .1612903 
         c37 |  5.196537    .483871   .1290323 
         c38 |  5.138006    .483871   .1290323 
         c39 |  5.101228   .4516129   .1290323 
         c40 |  4.086235   .5806452   .1935484 
         c41 |  3.409762   .6129032   .2258065 
         c42 |  2.988191   .6451613   .3225806 
         c43 |  2.440434   .6451613   .3548387 
         c44 |  2.144759   .6774194   .4193548 
         c45 |  2.620308   .6451613   .3548387 
         c46 |   1.62245   .8064516   .6129032 
         c47 |  .8321258   .8387097   .8064516 
         c48 |  .5976681   .9677419   .8709677 
         c49 |  1.820966   .8387097   .5483871 
         c50 |  1.616471   .8387097   .5806452 
         c51 |  1.364294   .8387097   .6774194 
         c52 |  .6171021   .8709677   .8387097 
         c53 |  .0838202   .9677419   .9677419 
         c54 | -.5368794   .9677419   .8064516 
         c55 |  -.959731   .8064516   .7419355 
         c56 | -1.669482   .7741935   .5483871 
         c57 |  -1.60563   .8387097   .6451613 
         c58 |  -2.75648   .7096774   .4193548 
         c59 |  -3.44654   .6451613   .3225806 
         c60 | -3.883029   .5806452   .2580645 
         c61 | -4.068806   .6129032   .2580645 
         c62 | -4.819988   .5483871   .1612903 
         c63 | -4.072633   .5483871   .1935484 
         c64 | -5.575033    .483871   .1290323 
         c65 | -6.061388    .483871   .1290323 
         c66 | -6.412268   .3870968   .1290323 
         c67 |  -6.65406   .4193548   .1612903 
         c68 | -7.778103   .2903226   .0967742 
         c69 | -7.392575   .3870968   .1612903 
         c70 | -8.353501   .2580645   .0967742 
         c71 | -8.644284   .2903226   .0967742 
         c72 | -8.957318   .2258065   .0322581 
         c73 | -8.646515   .2258065   .0967742 
         c74 | -8.990143   .2580645   .0967742 
         c75 | -9.087613   .1612903   .0967742 
         c76 | -9.554355   .1935484   .0645161 
         c77 | -10.41317   .1935484   .0322581 
         c78 | -9.081607   .2580645   .0967742 
         c79 | -10.09139   .1290323          0 
         c80 | -9.738325   .1290323   .0967742 
         c81 | -11.90499   .0967742          0 
         c82 | -12.24392   .1612903          0 
         c83 | -13.81418   .0967742          0 
         c84 | -15.11932   .0967742          0 
         c85 | -12.97515   .1290323          0 
         c86 | -11.85089   .1290323   .0322581 
         c87 | -11.06334   .1612903   .0322581 
         c88 | -11.98213   .1612903          0 
         c89 | -22.92146   .0645161          0 
         c90 | -10.92071   .1935484   .0322581 
         c91 | -10.19967   .2580645   .0322581 
file C:\Users\LCASTI~1\AppData\Local\Temp\ST_4460_00002r.tmp saved as .dta
    format
Estimating the treatment effects
Estimating the possible placebo effects (one set for each of the 1 treatment pe
> riods)
|                             | Total: 31
..............................| 20.00s elapsed. 

Conducting inference: 5 steps, and 31 placebo averages
Step 1... Finished
Step 2... Finished
Step 3... Finished
Step 4... Finished
Step 5... Finished

Post-treatment results: Effects, p-values, standardized p-values

             | estimates      pvals  pvals_std 
-------------+--------------------------------
          c1 | -.1342151   .9032258   .8709677 
          c2 | -.2128036   .8709677   .9032258 
          c3 | -.2830063   .8709677   .8064516 
          c4 | -1.109939   .4193548   .3225806 
          c5 | -1.051386    .516129   .3548387 
          c6 | -.9660522   .5806452   .3548387 
          c7 | -.2194924   .9354839   .9354839 
          c8 |  -.284907   .8387097   .8064516 
          c9 | -.5541703   .7741935   .6451613 
         c10 | -1.345912   .6451613    .483871 
         c11 | -1.817736   .4516129   .3225806 
         c12 | -1.534931   .3548387   .2903226 
         c13 | -.9638055   .6451613    .516129 
         c14 | -.7995256   .6774194   .5483871 
         c15 | -1.278033   .5806452    .516129 
         c16 | -.1145353   .9677419   .9354839 
         c17 |  1.108249   .7096774   .6451613 
         c18 |  1.958518   .6129032   .4516129 
         c19 |  3.248152   .4193548   .2258065 
         c20 |  3.213505   .3870968   .2580645 
         c21 |  3.253423   .4516129   .2580645 
         c22 |    3.0259    .483871   .2903226 
         c23 |  2.582584    .483871   .3548387 
         c24 |  2.713453    .516129   .2903226 
         c25 |  3.880211   .3548387   .2903226 
         c26 |  3.777711   .4193548   .2903226 
         c27 |  3.928506    .483871   .3548387 
         c28 |  3.422898   .5483871   .3870968 
         c29 |   3.41586    .516129   .3870968 
         c30 |  3.421393   .5806452   .3870968 
         c31 |   3.27103   .5483871   .3870968 
         c32 |  3.142763   .5483871   .4193548 
         c33 |  3.358691   .5806452   .4193548 
         c34 |  2.893476   .5806452    .483871 
         c35 |  2.484886   .6774194    .483871 
         c36 |  1.838766   .6774194   .5806452 
         c37 |  3.047321   .6129032   .4193548 
         c38 |  3.046179   .5806452   .4516129 
         c39 |  3.094366   .5806452    .483871 
         c40 |   2.52534   .7096774   .5806452 
         c41 |  2.046712   .8064516   .6451613 
         c42 |  1.831188   .8064516   .7419355 
         c43 |  1.547138   .8387097   .7419355 
         c44 |  1.184343   .8709677   .8064516 
         c45 |  1.395539   .8064516   .8387097 
         c46 |  .4347987   .9354839   .9354839 
         c47 | -.4089249   .9354839   .9677419 
         c48 | -.6428599   .9032258   .9032258 
         c49 |  .2565955   .9677419          1 
         c50 |  .1017639          1          1 
         c51 | -.3354356          1   .9677419 
         c52 | -.9466525   .9032258   .9032258 
         c53 | -1.220148   .8709677   .8709677 
         c54 |  -1.54296   .8064516   .8387097 
         c55 | -2.086923   .7741935   .7096774 
         c56 | -2.669725   .8064516   .6129032 
         c57 | -2.817097   .8064516   .5483871 
         c58 | -3.767762   .7096774   .4516129 
         c59 | -4.600865   .6451613   .4516129 
         c60 | -4.985806   .5483871   .3870968 
         c61 |  -5.04486   .5483871   .3548387 
         c62 |  -5.60111   .5806452   .3870968 
         c63 | -4.898662   .5806452   .3870968 
         c64 | -6.475823   .4516129   .2903226 
         c65 | -6.730906    .516129   .2903226 
         c66 | -6.902265    .516129   .3225806 
         c67 | -7.460395    .483871   .2580645 
         c68 | -8.189718   .3870968   .2580645 
         c69 | -8.123557   .3870968   .2580645 
         c70 | -9.172531   .4193548   .1935484 
         c71 | -9.646412   .3548387   .1935484 
         c72 | -9.834052   .2580645   .1935484 
         c73 |  -9.63273   .3225806   .1935484 
         c74 |  -10.1722   .3548387   .1935484 
         c75 | -10.07543   .3225806   .1935484 
         c76 | -10.55579   .2903226   .1612903 
         c77 | -10.68216   .3225806   .1612903 
         c78 | -9.913741   .2903226   .1612903 
         c79 | -10.65233   .1612903   .1612903 
         c80 | -10.60379   .1935484   .1935484 
         c81 | -12.18712   .1935484   .1612903 
         c82 | -12.42705   .2258065   .1612903 
         c83 | -14.01548   .2258065   .0967742 
         c84 | -15.12316   .1612903   .0967742 
         c85 | -13.31012   .2258065   .0967742 
         c86 | -12.64993   .2258065   .1290323 
         c87 | -11.63763   .2580645   .2258065 
         c88 | -12.67774   .1935484   .1612903 
         c89 | -17.90089   .2258065   .1290323 
         c90 | -10.95216   .3225806   .2258065 
         c91 | -10.25477   .3548387   .2580645 
Estimating the treatment effects
Estimating the possible placebo effects (one set for each of the 1 treatment pe
> riods)
|                             | Total: 31
..............................| 14.00s elapsed. 

Conducting inference: 5 steps, and 31 placebo averages
Step 1... Finished
Step 2... Finished
Step 3... Finished
Step 4... Finished
Step 5... Finished

Post-treatment results: Effects, p-values, standardized p-values

             | estimates      pvals  pvals_std 
-------------+--------------------------------
          c1 |  .3986084   .7419355   .4516129 
          c2 |  .8128352   .4516129   .1612903 
          c3 |  .8960442    .483871   .2580645 
          c4 | -.2086755   .8709677   .7419355 
          c5 | -.5668231   .7741935   .5483871 
          c6 | -.5842131   .7741935   .5483871 
          c7 | -.7951728   .7419355    .516129 
          c8 |  -.881254   .7096774   .4516129 
          c9 | -.6858838   .8064516   .5483871 
         c10 | -1.494292   .7419355   .3870968 
         c11 | -1.975509    .516129   .2580645 
         c12 | -2.087673   .3870968   .1612903 
         c13 | -.7598934   .9032258   .6129032 
         c14 | -.1908433   .9677419   .9354839 
         c15 |  2.317223   .4516129   .2258065 
         c16 |  5.069052   .2258065   .0645161 
         c17 |   6.86182   .2580645   .0645161 
         c18 |    7.4197   .2258065   .0645161 
         c19 |  8.586532   .1612903   .0645161 
         c20 |  9.214707   .1612903   .0645161 
         c21 |  9.787285   .1612903   .0645161 
         c22 |  9.871136   .0967742          0 
         c23 |  9.228559   .1612903   .0322581 
         c24 |  9.036619   .1290323   .0322581 
         c25 |  11.37275   .0645161          0 
         c26 |  12.02651   .0645161          0 
         c27 |  12.08313   .0322581   .0322581 
         c28 |  11.22167   .0645161   .0322581 
         c29 |  10.33448   .1935484   .0322581 
         c30 |  10.17852   .1612903   .0322581 
         c31 |  10.30718   .1612903   .0322581 
         c32 |  10.38502   .1612903   .0322581 
         c33 |  11.21832   .1935484   .0322581 
         c34 |  10.65626   .1935484   .0322581 
         c35 |  9.587827   .1935484   .0322581 
         c36 |  8.407049   .2258065   .0645161 
         c37 |  9.828133   .1935484   .0322581 
         c38 |  10.32225   .1935484   .0322581 
         c39 |  11.00761   .1612903   .0322581 
         c40 |  10.09926   .2580645   .0645161 
         c41 |  9.699917   .3225806   .0967742 
         c42 |  9.768201   .3225806   .0967742 
         c43 |  9.558432   .3225806   .0967742 
         c44 |  9.533824   .3548387   .1612903 
         c45 |  9.764135   .3225806   .1290323 
         c46 |  9.055886   .3870968   .1612903 
         c47 |  8.349771   .4193548   .1612903 
         c48 |  7.541101   .3870968   .1612903 
         c49 |  8.798518   .3870968   .1612903 
         c50 |  8.895163   .3870968   .1612903 
         c51 |  8.800111   .4193548   .1612903 
         c52 |  8.335264   .4193548   .1935484 
         c53 |  7.545005    .483871   .2258065 
         c54 |  7.114093   .4516129   .2258065 
         c55 |   6.58089    .516129   .2258065 
         c56 |  5.931965   .6129032   .2580645 
         c57 |  5.926877   .6129032   .2580645 
         c58 |  4.942987   .6774194   .3225806 
         c59 |  4.161652   .7096774   .3870968 
         c60 |  3.705714   .7096774   .4193548 
         c61 |  4.168927   .6774194   .3870968 
         c62 |  4.153686   .7096774   .3548387 
         c63 |  5.059152   .6451613   .2903226 
         c64 |  3.632073   .6774194   .3870968 
         c65 |  3.166723   .7419355   .6129032 
         c66 |  2.831861   .7741935   .6451613 
         c67 |  2.304201   .7741935   .6774194 
         c68 |  1.843039   .8064516   .6774194 
         c69 |  2.189709   .8064516   .6451613 
         c70 |   1.76105   .8709677   .7741935 
         c71 |  1.394422   .8709677   .8387097 
         c72 |   1.29386   .9032258   .8064516 
         c73 |  1.808248   .9354839   .7419355 
         c74 |  1.697609   .9354839   .8064516 
         c75 |  1.888759   .8709677   .6774194 
         c76 |  1.224178   .9354839   .8709677 
         c77 |  1.161822   .9677419   .9354839 
         c78 |  1.138205          1   .9354839 
         c79 | -.8136638   .9677419   .8709677 
         c80 | -.3886909          1          1 
         c81 |  -.528448   .9677419   .9032258 
         c82 | -2.823545   .8064516   .6451613 
         c83 | -3.331815   .8064516   .6129032 
         c84 | -3.982661   .7419355   .4516129 
         c85 | -2.977663   .8387097   .6129032 
         c86 | -3.772867   .8064516   .4193548 
         c87 | -1.363977   .8709677   .8064516 
         c88 | -1.942452   .8709677   .8064516 
         c89 | -1.985474   .9032258   .8064516 
         c90 | -1.412551   .9354839   .8387097 
         c91 | -.2155089   .9677419   .9677419 
Estimating the treatment effects
Estimating the possible placebo effects (one set for each of the 1 treatment pe
> riods)
|                             | Total: 31
..............................| 11.00s elapsed. 

Conducting inference: 5 steps, and 31 placebo averages
Step 1... Finished
Step 2... Finished
Step 3... Finished
Step 4... Finished
Step 5... Finished

Post-treatment results: Effects, p-values, standardized p-values

             | estimates      pvals  pvals_std 
-------------+--------------------------------
          c1 |  .3050998   .8064516   .7096774 
          c2 |  .5858057   .6774194   .3870968 
          c3 |   .582343   .6129032   .3870968 
          c4 | -.7100431   .6129032   .3225806 
          c5 | -.5468037   .7096774   .4516129 
          c6 | -.3748868   .7741935   .6451613 
          c7 | -.2966236   .8387097   .6774194 
          c8 | -.1885471   .8387097   .7741935 
          c9 | -.0661109          1          1 
         c10 | -1.060973   .6451613   .3870968 
         c11 | -1.711724   .4516129   .1935484 
         c12 | -2.117767   .3225806   .1290323 
         c13 | -1.201664   .6774194   .4193548 
         c14 | -.9000832   .7741935    .483871 
         c15 |  1.567088    .516129   .3225806 
         c16 |  3.797551   .3870968   .1290323 
         c17 |  5.425335   .3225806   .0645161 
         c18 |  6.207433   .2580645   .0645161 
         c19 |  7.402369   .1935484   .0322581 
         c20 |  7.730889   .1935484   .0322581 
         c21 |  7.967206   .2258065   .0322581 
         c22 |  7.979477   .1935484   .0322581 
         c23 |  7.406099   .1935484   .0322581 
         c24 |  6.976389   .1612903   .0322581 
         c25 |  8.987584   .1612903   .0322581 
         c26 |  9.240406   .1612903   .0322581 
         c27 |  8.924244   .1290323   .0322581 
         c28 |  8.157187   .1612903   .0322581 
         c29 |  7.607682   .2258065   .0322581 
         c30 |  7.215593   .2580645   .0322581 
         c31 |  6.978528   .3225806   .0645161 
         c32 |  7.221719   .3225806   .0645161 
         c33 |  7.938953   .2903226   .0645161 
         c34 |  7.169802   .3870968   .0645161 
         c35 |  6.280225   .3870968   .0645161 
         c36 |  4.945973   .4193548   .0967742 
         c37 |  6.472376   .4516129   .0967742 
         c38 |  6.685581   .4193548   .0967742 
         c39 |  7.106062   .3870968   .0645161 
         c40 |  6.204088   .4193548   .0967742 
         c41 |   5.82842   .4193548   .1612903 
         c42 |  5.913078   .4193548   .1612903 
         c43 |  5.674966   .4193548   .1935484 
         c44 |  5.698256   .4516129   .2258065 
         c45 |  5.911366   .4516129   .1935484 
         c46 |  4.997385    .483871   .2903226 
         c47 |   4.11051   .5483871   .3870968 
         c48 |  3.170119   .6129032   .4193548 
         c49 |  4.332613    .516129   .2903226 
         c50 |  4.193286   .5483871   .3225806 
         c51 |  3.969982   .5483871   .3548387 
         c52 |  3.525829   .5483871   .4193548 
         c53 |  3.012594   .6451613    .516129 
         c54 |  2.433265   .7096774   .5806452 
         c55 |  1.697039   .7419355   .6774194 
         c56 |  1.185289   .8709677   .7096774 
         c57 |  1.129598   .9032258   .7419355 
         c58 |  .0132963          1          1 
         c59 | -.4335496   .9677419   .9677419 
         c60 | -.7960483   .9354839   .9032258 
         c61 | -.8966451   .9354839   .8709677 
         c62 |  -1.44258   .8709677   .7741935 
         c63 | -.7610148   .9354839   .9354839 
         c64 | -2.043492   .8064516   .5483871 
         c65 | -2.038961   .7096774   .5483871 
         c66 | -2.362294   .7096774    .516129 
         c67 | -2.933154   .6129032    .483871 
         c68 | -3.379957   .6129032   .4516129 
         c69 | -3.177977   .6129032   .4516129 
         c70 | -3.894059   .5806452   .3870968 
         c71 | -4.579558   .5806452   .3548387 
         c72 |   -4.5708   .5806452   .3548387 
         c73 | -4.241565   .5806452   .3548387 
         c74 | -4.825162   .5483871   .2903226 
         c75 | -5.389558   .5483871   .2903226 
         c76 | -4.852119   .5483871   .3225806 
         c77 | -4.787874   .5483871   .3548387 
         c78 | -5.130434   .5483871   .2580645 
         c79 | -5.357336   .5806452   .2903226 
         c80 | -4.987479   .6129032   .3548387 
         c81 | -5.989632    .516129   .2580645 
         c82 | -6.890532    .516129   .1935484 
         c83 | -7.307118   .4516129   .1612903 
         c84 | -7.334168    .483871   .1612903 
         c85 | -7.130656    .516129   .1612903 
         c86 | -6.769814   .4193548   .1612903 
         c87 | -5.607814    .516129   .3225806 
         c88 | -6.526799   .5483871   .2258065 
         c89 | -9.064649    .483871   .1612903 
         c90 | -4.963678   .5806452   .3870968 
         c91 |  -3.93066   .6451613   .4193548 
Estimating the treatment effects
Estimating the possible placebo effects (one set for each of the 1 treatment pe
> riods)
|                             | Total: 31
..............................| 19.00s elapsed. 

Conducting inference: 5 steps, and 31 placebo averages
Step 1... Finished
Step 2... Finished
Step 3... Finished
Step 4... Finished
Step 5... Finished

Post-treatment results: Effects, p-values, standardized p-values

             | estimates      pvals  pvals_std 
-------------+--------------------------------
          c1 |  .2656551   .8387097   .8387097 
          c2 |  .1607871   .9032258   .9032258 
          c3 |  -.016635          1          1 
          c4 | -.8144743   .6451613   .4516129 
          c5 | -.6109291   .5806452    .516129 
          c6 | -.3914166   .8387097   .7419355 
          c7 |  .6610172   .7419355   .6774194 
          c8 |  .2503611   .9354839   .8064516 
          c9 | -.1710096   .9677419   .9677419 
         c10 | -1.039797   .7741935   .6129032 
         c11 | -1.473802    .483871   .3548387 
         c12 |  -.724095   .6451613   .6451613 
         c13 | -.5407698   .9354839   .8387097 
         c14 | -.3415433          1   .9032258 
         c15 | -.4149786   .8709677   .8709677 
         c16 |   .732475   .8064516   .7741935 
         c17 |  2.021064   .5806452   .4516129 
         c18 |  2.891703   .4516129   .3225806 
         c19 |  4.706278   .2580645   .1935484 
         c20 |  4.688363   .2903226   .2258065 
         c21 |  4.803891   .3225806   .2258065 
         c22 |  4.739254   .3225806   .2258065 
         c23 |  4.217096   .3870968   .2903226 
         c24 |  4.478769   .3870968   .2903226 
         c25 |  5.554779   .3225806   .1935484 
         c26 |  5.776963   .3225806   .1935484 
         c27 |  6.218551   .3548387   .2580645 
         c28 |  5.919687   .3870968   .2903226 
         c29 |  5.443125    .483871   .3870968 
         c30 |  5.062057   .4516129   .3870968 
         c31 |  5.164309   .4193548   .3870968 
         c32 |   4.28127    .516129   .4193548 
         c33 |  4.135821   .5483871   .4193548 
         c34 |  3.459953   .6129032    .483871 
         c35 |  2.621841   .6774194   .5806452 
         c36 |  1.770994   .8064516   .6451613 
         c37 |  2.383846   .7419355   .6129032 
         c38 |  2.562595   .6451613   .5483871 
         c39 |  2.824662   .5806452   .5483871 
         c40 |  1.945931   .7419355   .6774194 
         c41 |  1.500909   .7419355   .7741935 
         c42 |  1.410283   .7741935   .7419355 
         c43 |  1.301083   .8064516   .7741935 
         c44 |  .9520408   .7741935   .8709677 
         c45 |  1.125394   .7419355   .8064516 
         c46 |  .2393629   .9354839          1 
         c47 | -.4250958   .9677419   .9354839 
         c48 | -1.050719   .8709677   .7741935 
         c49 |  .0783939          1          1 
         c50 |   .028228          1          1 
         c51 | -.2223846   .9677419   .9677419 
         c52 |  -.817602   .9032258   .9032258 
         c53 | -1.278243   .8709677   .8709677 
         c54 | -1.782389   .7741935   .8064516 
         c55 | -2.117516   .7741935   .7096774 
         c56 | -3.245518   .7419355   .6774194 
         c57 | -3.353796   .6774194   .6129032 
         c58 | -4.664471   .5806452    .516129 
         c59 | -5.587867   .5806452    .483871 
         c60 | -5.861363    .516129   .4516129 
         c61 | -5.916225    .483871   .4193548 
         c62 | -7.106871   .3870968   .3548387 
         c63 | -5.647583    .516129   .4516129 
         c64 | -6.728015   .3870968   .3225806 
         c65 | -7.337461   .3870968   .2903226 
         c66 | -7.688591   .3870968   .2903226 
         c67 | -7.800255   .3225806   .2580645 
         c68 | -9.382541   .2903226   .2258065 
         c69 | -9.200481   .2903226   .2258065 
         c70 | -10.23651   .2903226   .2258065 
         c71 | -10.52656   .2903226   .2258065 
         c72 | -10.60353   .2258065   .1935484 
         c73 | -10.61467   .2258065   .1935484 
         c74 | -10.30116   .2580645   .1935484 
         c75 |  -10.2562   .1935484   .1935484 
         c76 | -10.98998   .2258065   .1935484 
         c77 | -12.03246   .2258065   .1935484 
         c78 | -10.68148   .1935484   .2258065 
         c79 | -11.76629   .1290323   .1935484 
         c80 | -11.36168   .1290323   .1935484 
         c81 | -14.16234   .0967742   .1935484 
         c82 |    -14.29   .1612903   .1612903 
         c83 | -14.87772   .1612903   .1290323 
         c84 | -13.74242   .1612903   .1935484 
         c85 | -15.31538   .1612903   .0967742 
         c86 | -14.00594   .1935484   .1612903 
         c87 | -12.57343   .1935484   .2258065 
         c88 | -13.78218   .1935484   .1612903 
         c89 | -26.81901   .0322581   .0967742 
         c90 | -13.08662   .2258065   .1935484 
         c91 | -12.69732   .1935484   .2258065 
Estimating the treatment effects
Estimating the possible placebo effects (one set for each of the 1 treatment pe
> riods)
|                             | Total: 31
..............................| 14.00s elapsed. 

Conducting inference: 5 steps, and 31 placebo averages
Step 1... Finished
Step 2... Finished
Step 3... Finished
Step 4... Finished
Step 5... Finished

Post-treatment results: Effects, p-values, standardized p-values

             | estimates      pvals  pvals_std 
-------------+--------------------------------
          c1 |  .3480677   .6774194   .2258065 
          c2 |  .5720335   .5806452   .0967742 
          c3 |   .667093   .5483871   .1290323 
          c4 | -.2620004   .7419355   .4516129 
          c5 | -.3360507   .8387097   .3225806 
          c6 |  -.230806   .9354839   .5483871 
          c7 |  .7347404   .6774194   .2580645 
          c8 |  .3659953   .8387097   .4516129 
          c9 |  .2112855   .9677419   .6129032 
         c10 | -.2066297   .9354839   .5806452 
         c11 | -.7305196   .6774194   .2903226 
         c12 | -.3799659   .8709677   .4193548 
         c13 |  .1513804   .9354839   .7096774 
         c14 |  .4689889   .8709677    .483871 
         c15 |  .4041731   .9354839   .4516129 
         c16 |  1.050906   .7741935   .2580645 
         c17 |  2.143794   .5806452   .0645161 
         c18 |  2.765092   .3225806   .0322581 
         c19 |  4.306879   .2580645   .0322581 
         c20 |  4.582161   .2580645   .0322581 
         c21 |  4.904427   .2258065   .0322581 
         c22 |  4.891228   .2580645   .0322581 
         c23 |  4.603037   .2903226   .0645161 
         c24 |  4.618499   .2903226   .0645161 
         c25 |  6.011538   .2903226          0 
         c26 |  6.299042   .2903226          0 
         c27 |  6.791644   .2580645          0 
         c28 |  6.378998   .2580645   .0645161 
         c29 |  5.951499   .2903226   .0645161 
         c30 |  5.822297   .3225806   .0645161 
         c31 |  6.632152   .3225806   .0645161 
         c32 |  5.916983   .3548387   .0645161 
         c33 |  6.024366   .3225806   .0645161 
         c34 |  5.298824   .4193548   .0645161 
         c35 |  4.501415    .483871   .0967742 
         c36 |   3.70296    .483871   .0967742 
         c37 |  4.648137   .3870968   .0967742 
         c38 |   5.03152   .3870968   .0967742 
         c39 |  5.445718   .4193548   .0967742 
         c40 |  4.637547   .4516129   .0967742 
         c41 |  4.158484   .4516129   .0967742 
         c42 |  4.086265    .483871   .0967742 
         c43 |  3.637028   .5806452   .1612903 
         c44 |  3.554452   .5483871   .1612903 
         c45 |   3.82619   .5483871   .1290323 
         c46 |  2.975948   .6129032   .1612903 
         c47 |  2.149513   .7419355   .2580645 
         c48 |  1.184798   .7741935   .4193548 
         c49 |  2.802682   .6774194   .2258065 
         c50 |  2.992291   .6129032   .2258065 
         c51 |  2.761409   .6129032   .2258065 
         c52 |  2.146052   .6129032   .2580645 
         c53 |  1.399289   .7096774   .3870968 
         c54 |  .9994085   .8387097   .4516129 
         c55 |  .4005332   .9354839   .6774194 
         c56 | -.2517661   .9677419   .8064516 
         c57 | -.4825946   .8709677   .6129032 
         c58 | -1.651143   .8064516   .3548387 
         c59 | -2.549762   .7096774   .2258065 
         c60 | -3.131498   .5806452   .1935484 
         c61 | -3.140504   .6451613   .1935484 
         c62 | -3.897336   .5483871   .1612903 
         c63 | -2.945677   .6451613   .1935484 
         c64 | -4.420419    .483871   .1612903 
         c65 | -5.019818   .4193548   .1612903 
         c66 | -5.555432   .3870968   .0967742 
         c67 | -5.967257   .3548387   .0967742 
         c68 | -7.379268   .3225806   .0645161 
         c69 | -7.582141   .2903226   .0322581 
         c70 | -8.705716   .3225806   .0322581 
         c71 |  -9.10348   .3225806   .0322581 
         c72 | -9.333395   .2580645   .0322581 
         c73 | -9.144815   .2903226   .0645161 
         c74 | -9.018471   .3225806   .0645161 
         c75 | -9.345351   .2580645   .0645161 
         c76 | -10.25069   .2258065   .0322581 
         c77 |  -11.1863   .2580645   .0322581 
         c78 | -10.52382   .2258065   .0322581 
         c79 | -13.09458   .1290323          0 
         c80 | -12.89666   .0967742   .0322581 
         c81 |  -15.2884   .1290323          0 
         c82 | -16.03362   .0967742          0 
         c83 | -16.34275   .0967742          0 
         c84 |  -16.3431   .1290323          0 
         c85 | -15.93388   .1290323          0 
         c86 |  -15.0083   .0967742          0 
         c87 | -14.40048   .0967742          0 
         c88 |  -17.4568   .0967742          0 
         c89 | -25.69642   .1290323          0 
         c90 | -16.35681   .1290323          0 
         c91 | -15.20038   .1290323          0 
Estimating the treatment effects
Estimating the possible placebo effects (one set for each of the 1 treatment pe
> riods)
|                             | Total: 31
..............................| 14.00s elapsed. 

Conducting inference: 5 steps, and 31 placebo averages
Step 1... Finished
Step 2... Finished
Step 3... Finished
Step 4... Finished
Step 5... Finished

Post-treatment results: Effects, p-values, standardized p-values

             | estimates      pvals  pvals_std 
-------------+--------------------------------
          c1 | -.3588755   .8064516   .8064516 
          c2 | -.2628349   .8709677   .8387097 
          c3 | -.3425134   .8064516   .7741935 
          c4 | -1.042283    .516129   .3870968 
          c5 | -.3590243   .7741935   .8064516 
          c6 | -.1874144   .9032258   .8709677 
          c7 | -.1314578   .8709677   .8709677 
          c8 | -.5978543   .8387097   .7741935 
          c9 | -1.034659   .7741935   .6129032 
         c10 | -1.570619   .7741935   .5483871 
         c11 |   -1.8826    .516129   .3225806 
         c12 | -1.295059   .5806452    .483871 
         c13 | -1.624263   .6451613   .5483871 
         c14 |  -1.54505   .6774194    .516129 
         c15 | -.8044198   .8064516   .7419355 
         c16 |  .7436752   .8387097   .7741935 
         c17 |  2.380411    .516129    .483871 
         c18 |  3.771678   .4193548   .3225806 
         c19 |  5.570249   .2903226   .1290323 
         c20 |  5.849081   .2903226   .0967742 
         c21 |  5.779085   .3225806   .1290323 
         c22 |  5.765519   .3225806   .1290323 
         c23 |    5.1764   .3548387   .2258065 
         c24 |  5.056435   .3548387   .2903226 
         c25 |  5.680558   .3225806   .2903226 
         c26 |  5.954753   .3870968   .2580645 
         c27 |  6.202512   .3870968   .2903226 
         c28 |  5.983713   .3870968   .3870968 
         c29 |  5.814919   .4193548   .3548387 
         c30 |  6.024359   .3548387   .3225806 
         c31 |  5.681166   .3870968   .3548387 
         c32 |  4.872183    .516129   .4193548 
         c33 |  4.949859   .6129032   .4516129 
         c34 |  4.259704   .5806452   .4516129 
         c35 |  3.474574   .5483871   .5483871 
         c36 |  2.337205   .7419355   .6129032 
         c37 |  2.492822   .6774194   .7096774 
         c38 |  2.787009   .6129032   .6129032 
         c39 |  3.498997   .5806452   .5483871 
         c40 |  2.753438   .5806452   .5806452 
         c41 |  2.949775   .6451613   .5806452 
         c42 |  3.099738   .5806452   .6129032 
         c43 |  2.933429   .5806452   .6129032 
         c44 |  2.833304   .6129032   .5806452 
         c45 |  3.000933   .6451613   .6129032 
         c46 |  2.190255   .7419355   .6129032 
         c47 |  1.239162   .7741935   .8064516 
         c48 |  .3906482   .9354839   .9354839 
         c49 |  1.093207   .9032258   .8387097 
         c50 |  1.185149   .9032258   .8709677 
         c51 |  .8174418   .9354839   .9677419 
         c52 |  .4403493   .8709677   .9354839 
         c53 |   .483421   .9354839   .9354839 
         c54 |  .1980556          1          1 
         c55 | -.2698984   .9032258   .9032258 
         c56 | -1.362364   .8387097   .7741935 
         c57 | -1.425279   .8064516   .7419355 
         c58 | -2.659883   .6774194   .5806452 
         c59 | -3.728614   .5806452   .5483871 
         c60 | -4.243526   .5483871    .516129 
         c61 | -4.479481   .5483871   .4193548 
         c62 | -5.879683   .5483871   .3870968 
         c63 | -4.354795   .5483871   .4516129 
         c64 | -5.308971    .516129   .3870968 
         c65 | -4.954163    .516129   .4193548 
         c66 | -5.224217    .516129   .4193548 
         c67 | -5.533255    .516129   .4193548 
         c68 | -6.884112   .4516129   .3870968 
         c69 | -6.829816   .4516129   .3870968 
         c70 | -7.847604   .4516129   .3870968 
         c71 |  -8.33679   .4516129   .3548387 
         c72 | -8.816561   .3548387   .2903226 
         c73 | -9.053992   .3225806   .2580645 
         c74 | -8.698735   .3225806   .2903226 
         c75 | -8.486674   .3548387   .2580645 
         c76 | -9.184211   .3225806   .2903226 
         c77 | -9.804552   .3225806   .2580645 
         c78 | -8.099776   .4193548   .3548387 
         c79 | -9.661182   .2258065   .2903226 
         c80 | -9.227333   .3225806   .3548387 
         c81 | -12.12683   .1935484   .1612903 
         c82 | -11.90568   .1935484   .1935484 
         c83 | -12.43491   .1935484   .1612903 
         c84 | -11.61159   .1935484   .1935484 
         c85 | -13.24581   .1612903   .1612903 
         c86 | -11.92347   .1612903   .1612903 
         c87 | -10.29391   .2903226   .2258065 
         c88 | -11.31114   .2580645   .1935484 
         c89 | -22.96005   .1290323   .0645161 
         c90 | -10.10144   .4193548   .3225806 
         c91 | -9.119403   .4516129   .3548387 
Estimating the treatment effects
Estimating the possible placebo effects (one set for each of the 1 treatment pe
> riods)
|                             | Total: 31
..............................| 11.00s elapsed. 

Conducting inference: 5 steps, and 31 placebo averages
Step 1... Finished
Step 2... Finished
Step 3... Finished
Step 4... Finished
Step 5... Finished

Post-treatment results: Effects, p-values, standardized p-values

             | estimates      pvals  pvals_std 
-------------+--------------------------------
          c1 |  .6207229    .516129   .2258065 
          c2 |  .5070142   .7419355   .2903226 
          c3 |  .3117187   .8064516    .483871 
          c4 |  -.676084    .516129   .1935484 
          c5 | -1.114533   .4516129   .1612903 
          c6 | -1.186636   .4516129   .1935484 
          c7 | -.1024858   .9677419   .8709677 
          c8 | -.0570409          1   .9032258 
          c9 | -.0168136   .9677419   .9677419 
         c10 | -.7200866   .7096774   .3870968 
         c11 | -1.515642    .516129   .2258065 
         c12 | -.6991034   .7741935   .3548387 
         c13 | -.1559741          1   .8387097 
         c14 | -.0092801          1          1 
         c15 |  -.706733   .8064516   .5806452 
         c16 |  .0584069   .9677419   .9677419 
         c17 |   1.07551   .8709677   .5806452 
         c18 |  2.003017   .7096774   .3225806 
         c19 |  3.679121    .483871   .1290323 
         c20 |  3.786122    .483871   .0967742 
         c21 |   4.29123   .4516129   .0645161 
         c22 |  4.355278   .4516129   .0645161 
         c23 |   3.99706    .483871   .0645161 
         c24 |  4.496355   .3225806   .0967742 
         c25 |  5.589072   .3225806   .0645161 
         c26 |  5.031569   .4516129   .0645161 
         c27 |  5.168116    .483871   .1290323 
         c28 |   4.88209    .516129   .1935484 
         c29 |  4.600647   .5483871   .2258065 
         c30 |  4.579848    .516129   .2258065 
         c31 |  4.407996   .4516129   .2258065 
         c32 |    3.7899   .5806452   .2258065 
         c33 |  4.531281   .5483871   .2258065 
         c34 |  4.245761   .5483871   .2258065 
         c35 |  3.847523    .516129   .2580645 
         c36 |   3.18844   .5806452   .2580645 
         c37 |  4.959039    .483871   .2258065 
         c38 |  4.815257    .483871   .2258065 
         c39 |  4.574032    .516129   .2258065 
         c40 |  3.479995   .5483871   .2903226 
         c41 |  2.650337   .5483871   .3548387 
         c42 |  2.037916   .6129032   .4516129 
         c43 |   1.39862   .8064516   .4516129 
         c44 |  .9963606   .8709677   .5806452 
         c45 |  1.552936   .8064516    .483871 
         c46 |  .4198202          1   .9032258 
         c47 | -.4324051          1   .9032258 
         c48 | -.2365714          1   .9354839 
         c49 |  .9303445   .9032258   .6451613 
         c50 |  .5959154   .9354839   .8387097 
         c51 |  .2602432   .9354839   .8709677 
         c52 |  -.551108   .9354839   .8064516 
         c53 | -1.149548   .9354839   .5806452 
         c54 | -1.747733   .8064516    .483871 
         c55 | -2.069163   .8709677   .4516129 
         c56 | -2.635815   .7096774   .3870968 
         c57 | -2.565203   .7096774   .4516129 
         c58 | -3.605762   .5806452   .3225806 
         c59 | -4.398762   .5806452   .3225806 
         c60 | -4.888301   .5483871   .2258065 
         c61 | -5.097856    .516129   .1935484 
         c62 | -5.496334    .516129   .1935484 
         c63 | -5.026512    .516129   .1935484 
         c64 | -6.767652   .4193548   .1612903 
         c65 |    -7.241   .3548387   .1612903 
         c66 | -7.546861   .3548387   .1290323 
         c67 | -7.699578   .3870968   .1290323 
         c68 |  -8.59574   .3225806   .1290323 
         c69 | -8.201423   .3548387   .1290323 
         c70 | -9.107382   .3870968   .1290323 
         c71 | -9.291705   .3870968   .1290323 
         c72 | -9.768358   .2258065   .0967742 
         c73 |  -9.31628   .2903226   .0967742 
         c74 | -9.921481   .2903226   .0967742 
         c75 | -9.932029   .2258065   .0967742 
         c76 | -10.60466   .2580645   .0967742 
         c77 | -11.29236   .2903226   .0967742 
         c78 | -9.856465   .2903226   .0967742 
         c79 | -10.77338   .2903226   .0967742 
         c80 | -10.53307   .2903226   .0967742 
         c81 | -12.40847   .2258065   .0967742 
         c82 | -12.73766   .2580645   .0967742 
         c83 | -14.92486   .1612903   .0645161 
         c84 | -17.61209   .1290323   .0645161 
         c85 | -13.39368   .2258065   .0967742 
         c86 | -12.30707   .2258065   .0967742 
         c87 | -11.88459   .2580645   .0967742 
         c88 | -12.68204   .1935484   .0967742 
         c89 | -22.08875   .1612903          0 
         c90 | -11.26912   .2903226   .0967742 
         c91 | -10.44363   .2903226   .0967742 
Estimating the treatment effects
Estimating the possible placebo effects (one set for each of the 1 treatment pe
> riods)
|                             | Total: 31
..............................| 11.00s elapsed. 

Conducting inference: 5 steps, and 31 placebo averages
Step 1... Finished
Step 2... Finished
Step 3... Finished
Step 4... Finished
Step 5... Finished

Post-treatment results: Effects, p-values, standardized p-values

             | estimates      pvals  pvals_std 
-------------+--------------------------------
          c1 | -.2540377   .8064516   .8064516 
          c2 | -.0581685   .9677419   .9677419 
          c3 | -.0829971          1          1 
          c4 | -1.248964   .5806452   .3870968 
          c5 | -1.170011    .516129   .3548387 
          c6 | -1.061335    .483871   .2903226 
          c7 | -1.056546   .6129032   .4516129 
          c8 | -1.223215    .516129   .4516129 
          c9 | -1.158396   .6129032    .516129 
         c10 |  -2.05101   .5483871   .3225806 
         c11 |  -2.55679   .3225806   .2580645 
         c12 | -2.898498   .3548387   .1935484 
         c13 | -2.228578   .5483871   .3870968 
         c14 | -1.929922   .6451613    .483871 
         c15 |  .4824077   .7096774   .7741935 
         c16 |  2.859393   .4516129   .2580645 
         c17 |  4.624936   .1935484   .1935484 
         c18 |  5.401854   .2258065   .1290323 
         c19 |  6.789594   .1935484   .1290323 
         c20 |  7.195673   .1612903   .1290323 
         c21 |  7.347321   .1612903   .1290323 
         c22 |   7.46913   .1612903   .1290323 
         c23 |  6.796058   .1935484   .0967742 
         c24 |  6.282823   .1612903   .0967742 
         c25 |  8.072178   .1290323   .0645161 
         c26 |  8.264899   .1290323   .0645161 
         c27 |  8.092784   .1935484   .0967742 
         c28 |  7.187563   .2580645   .1935484 
         c29 |  6.671173   .3870968   .2258065 
         c30 |  6.304994   .3225806   .1935484 
         c31 |   6.03984   .3548387   .2258065 
         c32 |  6.122424   .3548387   .2258065 
         c33 |  6.780653   .3870968   .2258065 
         c34 |  6.110284   .3870968   .2258065 
         c35 |  5.152097   .4193548   .2580645 
         c36 |  4.253618   .5483871   .2903226 
         c37 |  5.301903   .5483871   .2580645 
         c38 |  5.612282    .483871   .2580645 
         c39 |  6.112024   .4516129   .2258065 
         c40 |  5.213723   .4516129   .3225806 
         c41 |  4.829257   .4516129   .3225806 
         c42 |  4.967622   .4516129   .3548387 
         c43 |   4.86584   .4516129   .3225806 
         c44 |  4.782989   .4516129   .3548387 
         c45 |  4.962461   .4516129   .3870968 
         c46 |  4.046862   .5806452   .4516129 
         c47 |  3.146013   .7419355   .6129032 
         c48 |  2.528696   .6774194   .6451613 
         c49 |  3.305658   .6774194   .6129032 
         c50 |  3.179106   .7096774   .6451613 
         c51 |  2.908793   .6774194   .6774194 
         c52 |  2.495868   .7419355   .7419355 
         c53 |  1.918003   .8064516   .7741935 
         c54 |  1.379222   .8387097   .7741935 
         c55 |  .8513278   .8387097   .8064516 
         c56 |  .2471551   .9677419   .9677419 
         c57 |  .1373366   .9677419   .9677419 
         c58 | -.8977453   .9032258   .8709677 
         c59 | -1.789862   .8709677   .7741935 
         c60 |  -2.02197   .8064516   .7419355 
         c61 | -2.090083   .8387097   .7419355 
         c62 | -2.362238   .8064516   .7096774 
         c63 | -1.507868   .8709677   .8387097 
         c64 | -2.698285   .7419355   .6451613 
         c65 | -2.683611   .6774194   .6129032 
         c66 | -2.976386   .6451613   .5483871 
         c67 | -3.471077   .6451613   .4516129 
         c68 | -3.812068   .6451613   .4516129 
         c69 | -3.748882   .6451613   .4516129 
         c70 | -4.279003   .5806452   .4516129 
         c71 | -4.611935   .5806452   .4193548 
         c72 | -4.680787   .5806452   .4516129 
         c73 | -4.217304   .6129032   .4516129 
         c74 | -4.429018   .6451613    .483871 
         c75 | -4.838941   .5806452   .3548387 
         c76 |  -5.09019   .5806452   .3870968 
         c77 | -4.589549   .5806452   .5483871 
         c78 | -4.945982   .5483871   .4516129 
         c79 | -5.832416   .5483871   .4516129 
         c80 | -5.365275   .5483871   .4516129 
         c81 | -6.420075    .483871   .4193548 
         c82 |  -6.37328   .5483871   .4516129 
         c83 | -6.737277    .516129   .4516129 
         c84 | -6.811284   .5483871   .3870968 
         c85 | -6.710378   .5483871   .3870968 
         c86 | -6.521817    .516129   .3225806 
         c87 | -5.353329   .5483871    .483871 
         c88 | -6.382407   .5483871   .4193548 
         c89 | -7.403564    .483871   .3548387 
         c90 | -4.711761   .6451613   .5483871 
         c91 | -3.495283   .7419355   .5806452 
Estimating the treatment effects
Estimating the possible placebo effects (one set for each of the 1 treatment pe
> riods)
|                             | Total: 31
..............................| 13.00s elapsed. 

Conducting inference: 5 steps, and 31 placebo averages
Step 1... Finished
Step 2... Finished
Step 3... Finished
Step 4... Finished
Step 5... Finished

Post-treatment results: Effects, p-values, standardized p-values

             | estimates      pvals  pvals_std 
-------------+--------------------------------
          c1 | -.3266336   .7419355   .2903226 
          c2 | -.3147076   .7096774    .483871 
          c3 |  -.440086   .7741935   .3548387 
          c4 | -1.188604   .5483871   .1612903 
          c5 | -.6193097   .8387097   .3225806 
          c6 | -.2203793   .8709677   .6451613 
          c7 |  .5230876   .7096774   .3870968 
          c8 | -.0147385          1          1 
          c9 | -.5560979   .8709677   .4516129 
         c10 | -1.407066   .6451613   .1612903 
         c11 | -1.962311   .5806452   .1290323 
         c12 | -1.685752   .5806452   .1290323 
         c13 | -1.677954   .5806452   .1290323 
         c14 | -1.500596   .6129032   .1290323 
         c15 | -1.413007   .6451613   .0967742 
         c16 | -.1704649   .9677419   .9032258 
         c17 |  1.464857   .6129032   .1935484 
         c18 |  2.742342   .4516129   .0967742 
         c19 |  4.421504   .2903226   .0967742 
         c20 |  4.578417   .3225806   .0967742 
         c21 |  4.502663   .2580645   .0967742 
         c22 |  4.259722   .3225806   .1290323 
         c23 |  3.747347   .4193548   .1290323 
         c24 |  3.584218   .3870968   .0967742 
         c25 |  4.467577   .3548387   .0967742 
         c26 |  4.625379   .3870968   .0967742 
         c27 |  4.983668   .4193548   .0967742 
         c28 |  4.817866   .3870968   .0967742 
         c29 |  4.909266   .4193548   .0967742 
         c30 |   5.07323   .3548387   .0967742 
         c31 |  4.950489   .4516129   .0967742 
         c32 |  4.318624   .4516129   .0967742 
         c33 |  4.293111    .483871   .1290323 
         c34 |  3.597269   .5806452   .1290323 
         c35 |  2.811733   .5806452   .1290323 
         c36 |  1.641423   .7741935   .3870968 
         c37 |  1.942019   .7096774   .3225806 
         c38 |  2.132223   .7096774   .3225806 
         c39 |  2.708608   .6129032   .2258065 
         c40 |  2.108272   .6774194   .3225806 
         c41 |   2.24245   .6451613   .3870968 
         c42 |  2.452439   .6451613   .3870968 
         c43 |  2.303472   .6774194   .3548387 
         c44 |  2.098717   .7419355   .3870968 
         c45 |  2.245485   .7419355   .3870968 
         c46 |  1.325602   .8709677   .6129032 
         c47 |   .434531   .9354839   .8064516 
         c48 | -.4778178   .9032258   .8709677 
         c49 |  .3083872   .9677419   .9032258 
         c50 |  .4264859   .9032258   .8709677 
         c51 |  .1127377   .9677419   .9354839 
         c52 | -.3752091   .9354839   .8709677 
         c53 | -.2491279   .9354839   .9354839 
         c54 | -.3438126          1   .9354839 
         c55 | -.8925384   .9032258   .6774194 
         c56 | -2.053694   .8064516   .5483871 
         c57 | -2.254214   .8064516    .483871 
         c58 | -3.425555   .7096774   .3548387 
         c59 | -4.385193   .6129032   .2580645 
         c60 | -4.940328   .5806452   .1935484 
         c61 |  -5.09749    .516129   .1612903 
         c62 | -6.536756    .516129   .0967742 
         c63 | -5.052912   .6129032   .1935484 
         c64 |  -6.02681    .483871   .1612903 
         c65 | -5.924257   .5483871   .1612903 
         c66 |  -6.03074   .5483871   .1290323 
         c67 | -6.417795    .483871   .1290323 
         c68 | -7.940931   .4193548   .0967742 
         c69 | -7.773218   .4516129   .0967742 
         c70 | -8.844467   .4516129   .0645161 
         c71 | -9.286623   .3548387   .0645161 
         c72 | -9.751348   .3225806   .0322581 
         c73 |  -9.96439   .3225806   .0645161 
         c74 | -9.697624   .3225806   .0322581 
         c75 | -9.420467   .2903226   .0322581 
         c76 | -9.928428   .2903226   .0645161 
         c77 | -10.41787   .3225806   .0322581 
         c78 | -8.768248   .4193548   .0645161 
         c79 | -9.990196   .2903226   .0322581 
         c80 | -9.995638   .2258065   .0645161 
         c81 | -12.69353   .2580645   .0322581 
         c82 | -12.66016   .2258065   .0322581 
         c83 | -13.36768   .1935484   .0322581 
         c84 | -12.68895   .2258065   .0322581 
         c85 | -14.32789   .1935484   .0322581 
         c86 | -12.96691   .1935484   .0322581 
         c87 | -11.41947   .2258065   .0322581 
         c88 | -12.36037   .2258065   .0322581 
         c89 | -23.91779   .0967742   .0322581 
         c90 | -11.03616   .3225806   .0322581 
         c91 | -10.22062   .3548387   .0645161 
sal especificación 1: RMSPE previo =  2.840
sal especificación 2: RMSPE previo =  2.280
sal especificación 3: RMSPE previo =  6.876
sal especificación 4: RMSPE previo =  3.201
sal especificación 5: RMSPE previo =  3.368
sal especificación 6: RMSPE previo =  1.211
sal especificación 7: RMSPE previo =  2.168
sal especificación 8: RMSPE previo =  4.757
sal especificación 9: RMSPE previo =  1.070
sal especificación 10: RMSPE previo =  2.212
sal especificación 11: RMSPE previo =  2.220
sal especificación 12: RMSPE previo =  2.665
Estimating the treatment effects
Estimating the possible placebo effects (one set for each of the 1 treatment pe
> riods)
|                             | Total: 31
..............................| 20.00s elapsed. 

Conducting inference: 5 steps, and 31 placebo averages
Step 1... Finished
Step 2... Finished
Step 3... Finished
Step 4... Finished
Step 5... Finished

Post-treatment results: Effects, p-values, standardized p-values

             | estimates      pvals  pvals_std 
-------------+--------------------------------
          c1 |  6.076731          0          0 
          c2 |  6.174825          0          0 
          c3 |  7.627543          0          0 
          c4 |  7.531141          0          0 
          c5 |  6.242576          0          0 
          c6 |  5.983931          0          0 
          c7 |  5.992006          0          0 
          c8 |  5.796169          0          0 
          c9 |  6.976972          0          0 
         c10 |  6.977167          0          0 
         c11 |  6.619428          0          0 
         c12 |  7.045249          0          0 
         c13 |  5.578219   .0322581          0 
         c14 |   3.60798   .2258065   .2903226 
         c15 |  3.594735   .1935484   .2903226 
         c16 |  3.243467   .3548387   .3548387 
         c17 |   2.42506   .4516129    .483871 
         c18 |  1.790904   .6451613   .5806452 
         c19 |  3.430229   .3225806   .3225806 
         c20 |  3.366027   .2903226   .3225806 
         c21 |  4.456435   .0967742   .1612903 
         c22 |    4.2195   .0967742   .1935484 
         c23 |  5.147173          0   .0967742 
         c24 |  5.378095          0   .0645161 
         c25 |  6.130454   .0967742   .1290323 
         c26 |  6.014492   .0967742   .1290323 
         c27 |  6.889217   .0322581   .0645161 
         c28 |  6.833504   .0322581   .0967742 
         c29 |  5.500415   .1290323   .1612903 
         c30 |  4.920535   .1612903   .2258065 
         c31 |   5.27621   .0967742   .2258065 
         c32 |  5.261893   .1290323   .2258065 
         c33 |  6.686493   .0967742   .0967742 
         c34 |  6.434116   .0967742   .0967742 
         c35 |  7.258322   .0967742   .0967742 
         c36 |   8.08632   .0645161   .0322581 
         c37 |  10.42548   .0645161   .0322581 
         c38 |  10.23736   .0645161   .0322581 
         c39 |  12.53335   .0645161   .0322581 
         c40 |  12.46262   .0645161   .0322581 
         c41 |  11.40071   .0645161   .0322581 
         c42 |  10.95347   .0645161   .0322581 
         c43 |  10.50199   .0967742   .0967742 
         c44 |  10.36395   .0967742   .0967742 
         c45 |  10.87811   .0967742   .0645161 
         c46 |  10.76188   .0967742   .0645161 
         c47 |  11.52637   .0967742   .0322581 
         c48 |  12.29248   .0645161   .0322581 
         c49 |  15.26144   .0645161   .0322581 
         c50 |  15.18283   .0645161   .0322581 
         c51 |   15.9403   .0645161   .0322581 
         c52 |  15.71614   .0645161   .0322581 
         c53 |  15.08117   .0645161   .0645161 
         c54 |  14.83127   .0645161   .0322581 
         c55 |  13.50053   .0967742   .0967742 
         c56 |  13.55792   .0967742   .0967742 
         c57 |  14.53805   .0967742   .0645161 
         c58 |  14.63947   .0967742   .0322581 
         c59 |  14.41089   .0967742   .0645161 
         c60 |  14.24753   .0967742   .0645161 
         c61 |  17.63289          0          0 
         c62 |  17.92962          0          0 
         c63 |  19.07975   .0322581   .0322581 
         c64 |  18.98092   .0322581          0 
         c65 |  18.17312   .0322581          0 
         c66 |  17.90438   .0322581          0 
         c67 |  17.52345   .0322581   .0322581 
         c68 |  17.68036   .0322581   .0322581 
         c69 |  18.30437   .0322581   .0322581 
         c70 |  18.29048   .0322581          0 
         c71 |  18.62797   .0322581   .0322581 
         c72 |  18.70651   .0322581          0 
         c73 |  20.75703          0          0 
         c74 |  21.19656          0          0 
         c75 |  22.79653          0          0 
         c76 |  22.63057          0          0 
         c77 |  21.80575          0          0 
         c78 |  21.79548          0          0 
         c79 |  19.80288   .0645161   .0322581 
         c80 |  19.65521   .0645161   .0322581 
         c81 |  21.56548          0          0 
         c82 |  21.36172          0          0 
         c83 |  21.33258          0          0 
         c84 |  21.15939          0          0 
         c85 |  19.40876   .0322581          0 
         c86 |  19.47082   .0322581          0 
         c87 |  19.06777   .0322581   .0322581 
         c88 |  19.29906   .0322581   .0645161 
         c89 |  18.45037   .0322581   .0322581 
         c90 |  17.39475   .0322581   .0645161 
         c91 |  17.41421   .0322581   .0645161 
file C:\Users\LCASTI~1\AppData\Local\Temp\ST_4460_00002t.tmp saved as .dta
    format
Estimating the treatment effects
Estimating the possible placebo effects (one set for each of the 1 treatment pe
> riods)
|                             | Total: 31
..............................| 11.00s elapsed. 

Conducting inference: 5 steps, and 31 placebo averages
Step 1... Finished
Step 2... Finished
Step 3... Finished
Step 4... Finished
Step 5... Finished

Post-treatment results: Effects, p-values, standardized p-values

             | estimates      pvals  pvals_std 
-------------+--------------------------------
          c1 |  5.680023          0          0 
          c2 |  5.811307          0          0 
          c3 |  8.477502          0          0 
          c4 |  8.299986          0          0 
          c5 |  6.883363          0          0 
          c6 |  6.767997          0          0 
          c7 |   6.06669          0          0 
          c8 |    5.8548          0          0 
          c9 |  7.044587          0          0 
         c10 |  7.211396          0          0 
         c11 |   7.17849          0          0 
         c12 |  7.466056          0          0 
         c13 |  6.121197          0   .0322581 
         c14 |  4.407738          0   .0645161 
         c15 |  5.541329   .0645161   .0645161 
         c16 |  5.210649   .0967742   .1290323 
         c17 |  4.674215   .1290323   .1290323 
         c18 |  3.898126   .2580645   .1612903 
         c19 |  4.345297   .1612903   .1290323 
         c20 |  4.008239   .1935484   .2258065 
         c21 |  5.306585   .0322581   .0322581 
         c22 |  5.263341   .0322581   .0322581 
         c23 |  6.679934          0   .0322581 
         c24 |  6.928574          0   .0645161 
         c25 |  7.294218   .0322581   .0967742 
         c26 |  7.197217   .0322581   .0967742 
         c27 |  9.041916   .0322581          0 
         c28 |  8.928206   .0322581          0 
         c29 |   7.30805   .0645161   .0645161 
         c30 |  7.114438   .0645161   .0967742 
         c31 |  5.872365   .0967742   .0967742 
         c32 |  5.769572   .0645161   .0967742 
         c33 |  7.739276   .0645161   .0322581 
         c34 |  7.547785   .0645161   .0322581 
         c35 |  9.000167   .0645161   .0322581 
         c36 |  9.732916   .0645161   .0322581 
         c37 |  11.99977   .0645161   .0322581 
         c38 |  11.81701   .0645161   .0322581 
         c39 |  15.53021   .0645161   .0322581 
         c40 |  15.41342   .0645161   .0322581 
         c41 |  13.52157   .0645161   .0322581 
         c42 |  12.93577   .0645161   .0322581 
         c43 |  11.58767   .0645161   .0645161 
         c44 |  11.38811   .0645161   .0645161 
         c45 |  12.57485   .0645161   .0322581 
         c46 |  12.50467   .0645161   .0322581 
         c47 |  13.62846   .0645161   .0322581 
         c48 |  14.19439   .0645161   .0322581 
         c49 |  17.81576   .0645161          0 
         c50 |  17.83146   .0645161          0 
         c51 |  18.91222   .0645161   .0322581 
         c52 |  18.69369   .0645161   .0322581 
         c53 |  17.60838   .0645161   .0322581 
         c54 |  17.42794   .0645161   .0322581 
         c55 |  16.10872   .0645161   .0322581 
         c56 |  15.99121   .0645161   .0322581 
         c57 |  16.90774   .0645161   .0322581 
         c58 |  17.05881   .0645161   .0322581 
         c59 |   17.1476   .0645161   .0322581 
         c60 |  17.09107   .0645161   .0322581 
         c61 |  21.64735   .0322581          0 
         c62 |  22.03709          0          0 
         c63 |  23.10865   .0322581   .0322581 
         c64 |  23.05003   .0322581   .0322581 
         c65 |  21.81985   .0322581   .0322581 
         c66 |  21.75225   .0322581          0 
         c67 |  19.37926   .0322581   .0322581 
         c68 |  19.57834   .0322581   .0322581 
         c69 |  21.21203   .0322581          0 
         c70 |   21.1717   .0322581          0 
         c71 |  21.92039   .0322581          0 
         c72 |  21.97035   .0322581          0 
         c73 |  24.72944          0          0 
         c74 |  25.47586          0          0 
         c75 |  26.74686   .0322581          0 
         c76 |  26.53319   .0322581          0 
         c77 |  25.89429   .0322581          0 
         c78 |  25.75061   .0322581          0 
         c79 |  23.43164   .0322581          0 
         c80 |  23.43632   .0322581          0 
         c81 |  25.06116          0          0 
         c82 |  24.85016          0          0 
         c83 |  25.05674          0          0 
         c84 |  24.90899          0          0 
         c85 |  23.97893   .0322581          0 
         c86 |  23.81199   .0322581          0 
         c87 |  23.15478   .0322581   .0322581 
         c88 |  23.52943   .0322581   .0322581 
         c89 |  21.90067   .0322581   .0322581 
         c90 |  20.90243   .0322581   .0322581 
         c91 |  20.50119   .0322581   .0645161 
Estimating the treatment effects
Estimating the possible placebo effects (one set for each of the 1 treatment pe
> riods)
|                             | Total: 31
..............................| 12.00s elapsed. 

Conducting inference: 5 steps, and 31 placebo averages
Step 1... Finished
Step 2... Finished
Step 3... Finished
Step 4... Finished
Step 5... Finished

Post-treatment results: Effects, p-values, standardized p-values

             | estimates      pvals  pvals_std 
-------------+--------------------------------
          c1 |  5.028857          0   .0322581 
          c2 |  5.154284          0   .0322581 
          c3 |  8.822912          0          0 
          c4 |  8.736202          0          0 
          c5 |  7.709013          0          0 
          c6 |  7.708996          0          0 
          c7 |  6.744155          0   .0322581 
          c8 |  6.794847          0   .0322581 
          c9 |  7.789471          0          0 
         c10 |  7.951837          0          0 
         c11 |  7.913429          0          0 
         c12 |  8.074613          0          0 
         c13 |  6.341503          0   .0322581 
         c14 |  6.049553   .0322581   .0322581 
         c15 |  8.353205   .0645161   .0967742 
         c16 |  8.182018   .0645161   .0645161 
         c17 |  7.725973   .0645161   .0645161 
         c18 |  6.927549   .0967742   .1290323 
         c19 |  6.644945          0   .0967742 
         c20 |  6.111354          0   .1290323 
         c21 |  7.339694          0   .0645161 
         c22 |  7.413628          0   .0645161 
         c23 |  8.811399          0   .0322581 
         c24 |  9.024774          0   .0322581 
         c25 |   9.00513   .0322581   .0645161 
         c26 |  8.889246   .0322581   .0645161 
         c27 |  11.28592          0          0 
         c28 |  11.40495          0          0 
         c29 |  9.687743          0   .0645161 
         c30 |  9.708611          0   .0967742 
         c31 |  7.858723   .0645161   .1935484 
         c32 |  7.806787   .0322581   .1935484 
         c33 |  9.786447   .0645161   .0645161 
         c34 |  9.585279   .0645161   .0645161 
         c35 |  10.87664   .0645161   .0645161 
         c36 |  11.59559   .0645161   .0322581 
         c37 |  13.47436   .0645161   .0322581 
         c38 |  13.31439   .0645161   .0322581 
         c39 |  17.66385   .0645161   .0322581 
         c40 |  17.60309   .0645161   .0322581 
         c41 |  15.60545   .0645161   .0322581 
         c42 |  15.12649   .0645161   .0322581 
         c43 |  13.68523   .0645161   .0645161 
         c44 |  13.47375   .0645161   .0645161 
         c45 |  14.38285   .0645161   .0322581 
         c46 |  14.41248   .0645161   .0322581 
         c47 |  15.38853   .0645161   .0322581 
         c48 |    15.808   .0645161   .0322581 
         c49 |  18.52194   .0645161   .0322581 
         c50 |  18.49141   .0645161   .0322581 
         c51 |   20.5289   .0645161   .0322581 
         c52 |  20.49262   .0645161   .0322581 
         c53 |   19.4769   .0645161   .0322581 
         c54 |   19.4116   .0645161   .0322581 
         c55 |  18.13845   .0645161   .0645161 
         c56 |  17.86832   .0645161   .0322581 
         c57 |  18.61659   .0645161   .0322581 
         c58 |  18.89355   .0645161   .0322581 
         c59 |  19.09602   .0645161   .0322581 
         c60 |  19.26158   .0645161   .0322581 
         c61 |  23.37207          0   .0322581 
         c62 |  23.80253          0          0 
         c63 |  25.16159   .0322581   .0322581 
         c64 |  25.32394   .0322581   .0322581 
         c65 |  24.50949          0   .0322581 
         c66 |  24.56567          0   .0322581 
         c67 |  21.36281   .0322581   .0322581 
         c68 |  21.46468   .0322581   .0322581 
         c69 |  23.18322   .0322581   .0322581 
         c70 |  23.18813   .0322581   .0322581 
         c71 |  23.86625   .0322581   .0322581 
         c72 |  24.23403   .0322581   .0322581 
         c73 |  26.55925   .0322581   .0322581 
         c74 |   26.9174          0   .0322581 
         c75 |  28.14064   .0322581   .0322581 
         c76 |  28.21262   .0322581   .0322581 
         c77 |  28.21057   .0322581   .0322581 
         c78 |   28.0042   .0322581   .0322581 
         c79 |  26.02158   .0322581   .0322581 
         c80 |   26.0857   .0322581   .0322581 
         c81 |  26.66105   .0322581   .0322581 
         c82 |  26.41973          0   .0322581 
         c83 |   26.5385          0   .0322581 
         c84 |   26.4999          0   .0322581 
         c85 |   25.5111   .0322581   .0322581 
         c86 |  25.19346   .0322581   .0322581 
         c87 |  24.47509   .0322581   .0645161 
         c88 |  25.20658   .0322581   .0645161 
         c89 |  23.67865   .0322581   .0645161 
         c90 |  22.85273   .0322581   .0645161 
         c91 |  22.31901   .0322581   .0645161 
Estimating the treatment effects
Estimating the possible placebo effects (one set for each of the 1 treatment pe
> riods)
|                             | Total: 31
..............................| 14.00s elapsed. 

Conducting inference: 5 steps, and 31 placebo averages
Step 1... Finished
Step 2... Finished
Step 3... Finished
Step 4... Finished
Step 5... Finished

Post-treatment results: Effects, p-values, standardized p-values

             | estimates      pvals  pvals_std 
-------------+--------------------------------
          c1 |  6.882728          0          0 
          c2 |  6.986948          0          0 
          c3 |  8.582389          0          0 
          c4 |  8.624016          0          0 
          c5 |  7.615426          0   .0322581 
          c6 |  7.411251          0   .0322581 
          c7 |  8.207538          0          0 
          c8 |  8.013153          0          0 
          c9 |  8.246953          0          0 
         c10 |  8.311284          0          0 
         c11 |  7.873419          0          0 
         c12 |  7.911907          0          0 
         c13 |  7.509797          0          0 
         c14 |  6.766975          0   .0967742 
         c15 |  6.725492   .0322581   .1290323 
         c16 |  5.924783   .0645161   .1290323 
         c17 |   4.97772   .1612903   .2903226 
         c18 |  4.711096   .1612903   .2580645 
         c19 |  7.047293          0   .1612903 
         c20 |  6.989586          0   .1290323 
         c21 |  7.663194          0   .0967742 
         c22 |  7.151409          0   .1290323 
         c23 |  7.863942          0   .0967742 
         c24 |  8.014123          0   .1290323 
         c25 |  9.513518   .0322581   .1290323 
         c26 |  9.260587   .0322581   .1290323 
         c27 |  10.19453          0   .1290323 
         c28 |  10.20109          0   .1290323 
         c29 |  8.085209   .0322581   .1612903 
         c30 |  7.824088   .0322581   .1612903 
         c31 |  8.829105   .0322581   .1290323 
         c32 |  8.850748   .0322581   .1612903 
         c33 |  8.888669   .0322581   .1290323 
         c34 |  8.776379   .0322581   .1612903 
         c35 |  9.274533   .0967742   .1612903 
         c36 |  9.867128   .0967742   .1612903 
         c37 |  13.16183   .0645161   .1290323 
         c38 |  12.74216   .0645161   .1612903 
         c39 |  15.34654   .0645161   .0967742 
         c40 |  14.97851   .0645161   .1290323 
         c41 |  13.22037   .0645161   .1290323 
         c42 |  12.93623   .0645161   .0967742 
         c43 |  12.49565   .0645161   .1612903 
         c44 |  12.25296   .0645161   .1612903 
         c45 |  12.73877   .0645161   .0967742 
         c46 |   12.7093   .0645161   .0967742 
         c47 |  13.35338   .0645161   .0967742 
         c48 |   13.8274   .0645161   .0967742 
         c49 |  17.29142   .0645161   .0645161 
         c50 |  16.81018   .0322581   .0967742 
         c51 |  18.20277   .0322581   .0645161 
         c52 |  18.04841   .0645161   .0645161 
         c53 |  16.81084   .0645161   .0967742 
         c54 |  16.59425   .0645161   .0967742 
         c55 |  16.20135   .0645161   .1290323 
         c56 |  16.13974   .0322581   .1290323 
         c57 |  16.09988   .0645161   .0645161 
         c58 |  16.25424   .0645161   .0645161 
         c59 |  16.11902   .0645161   .0967742 
         c60 |  16.05021   .0322581   .0967742 
         c61 |  20.66896          0   .1290323 
         c62 |  20.88788          0   .0645161 
         c63 |  21.95797   .0322581   .0322581 
         c64 |  21.97624   .0322581   .0322581 
         c65 |  21.03469   .0322581   .0322581 
         c66 |  20.90382   .0322581   .0322581 
         c67 |  21.08791   .0322581   .0967742 
         c68 |  21.12948   .0322581   .0322581 
         c69 |  20.75966   .0322581   .0322581 
         c70 |   20.8884   .0322581   .0322581 
         c71 |  21.02394   .0322581   .0322581 
         c72 |  21.02657   .0322581   .0645161 
         c73 |  24.08861   .0322581   .0322581 
         c74 |    24.073   .0322581   .0645161 
         c75 |  25.21046   .0322581   .0322581 
         c76 |  25.21907   .0322581   .0322581 
         c77 |  24.03918   .0322581   .0645161 
         c78 |  24.06643   .0322581   .0322581 
         c79 |  23.86826   .0322581   .0645161 
         c80 |  23.77712   .0322581   .0645161 
         c81 |  23.93654   .0322581   .0322581 
         c82 |  23.91226          0   .0645161 
         c83 |   23.8155          0   .0645161 
         c84 |  23.64439   .0322581   .0645161 
         c85 |  23.32863   .0322581   .0645161 
         c86 |  23.44325   .0322581   .0645161 
         c87 |  22.59402   .0322581   .0645161 
         c88 |  22.85893   .0322581   .0645161 
         c89 |  21.66513   .0322581   .0645161 
         c90 |  20.82555   .0322581   .0967742 
         c91 |  20.89968   .0322581   .0967742 
Estimating the treatment effects
Estimating the possible placebo effects (one set for each of the 1 treatment pe
> riods)
|                             | Total: 31
..............................| 11.00s elapsed. 

Conducting inference: 5 steps, and 31 placebo averages
Step 1... Finished
Step 2... Finished
Step 3... Finished
Step 4... Finished
Step 5... Finished

Post-treatment results: Effects, p-values, standardized p-values

             | estimates      pvals  pvals_std 
-------------+--------------------------------
          c1 |  6.665448          0          0 
          c2 |  7.008434          0          0 
          c3 |  8.339763          0   .0322581 
          c4 |  8.149133          0   .0322581 
          c5 |  6.881502          0   .0322581 
          c6 |   6.91133          0   .0322581 
          c7 |  4.469635   .0967742   .2580645 
          c8 |  4.044959   .0967742   .2903226 
          c9 |  5.666523          0   .0645161 
         c10 |  5.879025          0   .0645161 
         c11 |  6.832145          0          0 
         c12 |  7.454677          0   .0322581 
         c13 |  6.032465   .0322581   .1290323 
         c14 |  3.841222   .2258065   .4193548 
         c15 |  4.040807   .1935484   .3548387 
         c16 |  3.809166   .2903226   .4193548 
         c17 |  3.293222   .3225806   .5483871 
         c18 |  2.608754   .3870968   .5806452 
         c19 |  2.094668   .6451613   .7096774 
         c20 |  1.911275   .6774194   .7741935 
         c21 |  3.513694   .1935484   .4193548 
         c22 |  3.251176   .2580645   .4193548 
         c23 |   5.35567   .0322581   .2580645 
         c24 |  5.739614   .0322581   .2580645 
         c25 |  6.349062   .0967742   .3225806 
         c26 |  6.303227   .1290323   .3548387 
         c27 |  7.702805   .0322581   .1935484 
         c28 |  7.452599   .0322581   .1935484 
         c29 |  6.595523   .0645161   .2903226 
         c30 |  6.184303   .0967742   .2903226 
         c31 |  2.503104   .5483871   .7096774 
         c32 |  1.701882   .7096774   .7096774 
         c33 |  6.520254   .0645161   .3225806 
         c34 |   6.29107   .0645161   .3225806 
         c35 |  7.316453   .0645161   .2258065 
         c36 |   8.27548   .0645161   .1935484 
         c37 |  10.56078   .0645161   .2258065 
         c38 |  10.40736   .0645161   .1935484 
         c39 |  13.60036   .0645161   .1290323 
         c40 |  13.52192   .0645161   .1612903 
         c41 |  12.34744   .0645161   .1612903 
         c42 |  11.76451   .0645161   .1935484 
         c43 |  9.838037   .0645161   .2580645 
         c44 |  9.121745   .0645161   .3225806 
         c45 |  9.835746   .0645161   .1290323 
         c46 |  9.644163   .0645161   .1612903 
         c47 |  11.88435   .0645161   .0967742 
         c48 |  12.73751   .0645161   .0645161 
         c49 |  16.20415   .0645161   .0645161 
         c50 |  16.53625   .0645161   .0645161 
         c51 |  17.52904   .0645161   .0967742 
         c52 |  17.37637   .0645161   .0645161 
         c53 |  16.86637   .0645161   .0967742 
         c54 |  15.79954   .0645161   .0967742 
         c55 |  12.49525   .0645161   .1612903 
         c56 |  12.35742   .0645161   .1612903 
         c57 |  14.55316   .0645161   .0967742 
         c58 |  14.46582   .0645161   .1290323 
         c59 |  13.51491   .0645161   .0967742 
         c60 |  13.60703   .0645161   .0967742 
         c61 |  18.03773   .0322581   .0967742 
         c62 |  18.41932   .0322581   .0967742 
         c63 |  20.15907   .0322581   .0967742 
         c64 |  20.02773   .0322581   .0967742 
         c65 |  19.32077   .0322581   .0967742 
         c66 |   19.0345   .0322581   .0967742 
         c67 |  15.10118   .0322581   .1290323 
         c68 |  15.25556   .0322581   .1290323 
         c69 |  18.16549   .0322581   .0322581 
         c70 |  17.72188   .0322581   .0322581 
         c71 |  19.00049   .0322581   .0322581 
         c72 |  19.21542   .0322581   .0645161 
         c73 |  21.05744   .0322581   .0645161 
         c74 |  21.87662   .0322581   .0322581 
         c75 |  24.46719   .0322581   .0322581 
         c76 |  24.40202   .0322581   .0322581 
         c77 |  24.01993   .0322581   .0322581 
         c78 |  23.92306   .0322581   .0322581 
         c79 |  18.22895   .0322581   .0967742 
         c80 |  18.14699   .0322581   .0967742 
         c81 |   23.0063   .0322581   .0322581 
         c82 |  23.07228          0   .0322581 
         c83 |  23.37221          0   .0322581 
         c84 |  23.46667          0   .0322581 
         c85 |  21.74465   .0322581   .1290323 
         c86 |  22.09764   .0322581   .0967742 
         c87 |  21.56559   .0322581   .0645161 
         c88 |  21.52145   .0322581   .0645161 
         c89 |   21.3619   .0322581   .0967742 
         c90 |  20.17271   .0322581   .0967742 
         c91 |  15.62302   .0322581   .1935484 
Estimating the treatment effects
Estimating the possible placebo effects (one set for each of the 1 treatment pe
> riods)
|                             | Total: 31
..............................| 14.00s elapsed. 

Conducting inference: 5 steps, and 31 placebo averages
Step 1... Finished
Step 2... Finished
Step 3... Finished
Step 4... Finished
Step 5... Finished

Post-treatment results: Effects, p-values, standardized p-values

             | estimates      pvals  pvals_std 
-------------+--------------------------------
          c1 |  6.693487          0          0 
          c2 |  7.053433          0          0 
          c3 |  8.410171          0   .0322581 
          c4 |  8.229056          0   .0322581 
          c5 |  7.030194          0   .1290323 
          c6 |  7.078207          0   .1290323 
          c7 |  4.511979   .0645161   .2903226 
          c8 |  4.111441   .0645161   .3225806 
          c9 |  5.682929          0   .1935484 
         c10 |  5.903672          0   .1612903 
         c11 |  6.879313          0   .1612903 
         c12 |  7.571245          0   .0967742 
         c13 |  6.088882          0   .1935484 
         c14 |  4.055985   .1290323    .483871 
         c15 |  4.315469   .3225806   .5483871 
         c16 |  4.120661   .3225806   .6451613 
         c17 |  3.622715   .4193548   .6451613 
         c18 |  2.938196   .4516129   .7741935 
         c19 |  2.299728   .5483871   .7096774 
         c20 |  2.099244   .5806452   .8064516 
         c21 |  3.686635   .2258065   .5483871 
         c22 |  3.367563   .2580645    .516129 
         c23 |  5.601285   .0322581   .4516129 
         c24 |  5.994008   .0645161   .4516129 
         c25 |  6.566461   .0645161   .3870968 
         c26 |  6.537537   .0967742   .3870968 
         c27 |  7.953825   .0322581   .3548387 
         c28 |  7.712738   .0322581   .4193548 
         c29 |  6.896734   .0645161   .4193548 
         c30 |  6.496131   .0645161   .4516129 
         c31 |  2.619878    .516129   .7096774 
         c32 |  1.779156   .7096774   .8064516 
         c33 |  6.745947   .0645161   .5483871 
         c34 |  6.460464   .0645161    .483871 
         c35 |  7.519245   .0645161    .516129 
         c36 |  8.485259   .0645161   .4193548 
         c37 |  10.68479   .0645161   .3548387 
         c38 |  10.54271   .0645161   .3548387 
         c39 |   13.7965   .0645161   .2903226 
         c40 |  13.72803   .0645161   .2580645 
         c41 |  12.59111   .0645161   .2903226 
         c42 |  12.01742   .0645161   .3225806 
         c43 |  10.03225   .0645161   .4193548 
         c44 |  9.286128   .0645161   .4193548 
         c45 |  9.930101   .0645161   .2903226 
         c46 |  9.737639   .0645161   .2903226 
         c47 |  11.98357   .0645161   .2580645 
         c48 |  12.90101   .0645161   .2258065 
         c49 |  16.21504   .0645161   .1290323 
         c50 |  16.57375   .0645161   .1290323 
         c51 |  17.66481   .0645161   .1612903 
         c52 |  17.54468   .0645161   .1612903 
         c53 |  17.10156   .0645161   .1612903 
         c54 |   15.9973   .0645161   .2258065 
         c55 |  12.58053   .0645161   .3225806 
         c56 |  12.42108   .0645161   .3225806 
         c57 |  14.63139   .0645161   .2258065 
         c58 |  14.57928   .0645161   .2258065 
         c59 |  13.58191   .0645161   .2580645 
         c60 |  13.70068   .0645161   .3225806 
         c61 |  18.00733   .0322581   .1290323 
         c62 |   18.4023   .0322581   .1290323 
         c63 |  20.27063   .0322581   .0967742 
         c64 |   20.1802   .0322581   .0967742 
         c65 |  19.56131   .0322581   .1290323 
         c66 |  19.26844   .0322581   .1290323 
         c67 |  15.11543   .0322581   .2580645 
         c68 |  15.24822   .0322581   .2580645 
         c69 |  18.25437   .0322581   .1290323 
         c70 |  17.78759   .0322581   .1290323 
         c71 |  19.11893   .0322581   .0645161 
         c72 |  19.34449   .0322581   .0967742 
         c73 |     21.02   .0322581   .0967742 
         c74 |  21.80013   .0322581   .0645161 
         c75 |  24.53394   .0322581   .0645161 
         c76 |  24.50832   .0322581   .0645161 
         c77 |  24.22645   .0322581   .0322581 
         c78 |  24.12487   .0322581   .0322581 
         c79 |  18.24601   .0322581   .1612903 
         c80 |   18.1657   .0322581   .2258065 
         c81 |  23.09783   .0322581   .0645161 
         c82 |  23.17693          0   .0645161 
         c83 |  23.48722          0   .0967742 
         c84 |  23.63331          0   .0322581 
         c85 |  21.77056   .0322581   .0967742 
         c86 |  22.13809   .0322581   .0967742 
         c87 |  21.64582   .0322581   .1290323 
         c88 |  21.60854   .0322581   .1290323 
         c89 |  21.54515   .0322581   .1290323 
         c90 |   20.3844   .0322581   .1290323 
         c91 |    15.549   .0322581   .3548387 
Estimating the treatment effects
Estimating the possible placebo effects (one set for each of the 1 treatment pe
> riods)
|                             | Total: 31
..............................| 14.00s elapsed. 

Conducting inference: 5 steps, and 31 placebo averages
Step 1... Finished
Step 2... Finished
Step 3... Finished
Step 4... Finished
Step 5... Finished

Post-treatment results: Effects, p-values, standardized p-values

             | estimates      pvals  pvals_std 
-------------+--------------------------------
          c1 |  5.504655          0   .0967742 
          c2 |  5.838556          0   .0645161 
          c3 |  8.773298          0   .0645161 
          c4 |  8.669682          0          0 
          c5 |  7.786849          0   .0645161 
          c6 |   7.99454          0   .0645161 
          c7 |   3.51373   .0645161   .4193548 
          c8 |  3.392785   .0645161   .5806452 
          c9 |  6.025303          0   .1612903 
         c10 |  6.411836          0   .1935484 
         c11 |  7.426346          0   .1290323 
         c12 |  7.860796          0   .1290323 
         c13 |  4.011404   .0967742   .3870968 
         c14 |  3.792746   .2258065    .483871 
         c15 |  5.546803   .0645161   .3870968 
         c16 |  5.324586   .0645161   .4193548 
         c17 |  4.619108   .1612903   .4516129 
         c18 |  3.987916   .2258065   .5483871 
         c19 |  2.097411   .6129032   .7741935 
         c20 |  1.862982   .6129032   .7741935 
         c21 |  4.681639   .0645161    .516129 
         c22 |  5.098116   .0322581   .4516129 
         c23 |  6.860888   .0322581   .3225806 
         c24 |  7.125796   .0322581   .2580645 
         c25 |  4.933376   .1612903   .5483871 
         c26 |  4.956046   .1935484   .5483871 
         c27 |  7.305857   .0322581   .4193548 
         c28 |  7.616582   .0322581   .3548387 
         c29 |  6.686531   .0645161   .4193548 
         c30 |  6.674735   .0322581   .4193548 
         c31 |   2.09525   .6129032   .7741935 
         c32 |  1.232844   .8387097   .9032258 
         c33 |  6.992544   .0967742   .4193548 
         c34 |  6.659793   .0645161   .4516129 
         c35 |  7.486188   .0645161   .4193548 
         c36 |  8.538426   .0967742   .3225806 
         c37 |  9.522237   .0967742   .3870968 
         c38 |  9.309063   .0967742   .4516129 
         c39 |  13.36324   .0645161   .2258065 
         c40 |  13.62198   .0645161   .2258065 
         c41 |  12.64213   .0645161   .2903226 
         c42 |  12.21036   .0645161   .2903226 
         c43 |   9.07954   .0967742    .483871 
         c44 |   8.30027   .1290323   .5806452 
         c45 |  10.17585   .0645161   .3225806 
         c46 |  10.10325   .0645161   .3225806 
         c47 |  12.06832   .0645161   .2903226 
         c48 |  12.75724   .0645161   .2580645 
         c49 |  14.06918   .0645161   .2580645 
         c50 |  14.32738   .0645161   .2258065 
         c51 |  17.05724   .0645161   .1935484 
         c52 |  17.02064   .0645161   .1935484 
         c53 |  16.29988   .0645161   .2903226 
         c54 |   15.3004   .0645161   .2580645 
         c55 |  11.20018   .0967742   .3548387 
         c56 |  10.96868   .0967742   .3548387 
         c57 |  14.23545   .0645161   .2580645 
         c58 |  14.17808   .0645161   .2903226 
         c59 |   13.5123   .0645161   .2580645 
         c60 |  13.85803   .0645161   .2258065 
         c61 |  16.47082   .0645161   .2580645 
         c62 |    16.904   .0322581   .2580645 
         c63 |  20.27482   .0322581   .1935484 
         c64 |  20.30515   .0322581   .1935484 
         c65 |  21.20933   .0322581   .1935484 
         c66 |  21.07653   .0322581   .1612903 
         c67 |  16.66702   .0322581   .2258065 
         c68 |  16.69329   .0322581   .1935484 
         c69 |  20.07655   .0322581   .1290323 
         c70 |   19.3097   .0322581   .1290323 
         c71 |  19.89592   .0322581   .1290323 
         c72 |   20.4783   .0322581   .1290323 
         c73 |  20.65485   .0322581   .1612903 
         c74 |  20.94685   .0322581   .1612903 
         c75 |   24.6275   .0322581   .1612903 
         c76 |  24.96739   .0322581   .1612903 
         c77 |  24.64347   .0322581   .1290323 
         c78 |  24.33477   .0322581   .1290323 
         c79 |  18.94221   .0322581   .2258065 
         c80 |  18.83671   .0322581   .2258065 
         c81 |  23.25541   .0322581   .1290323 
         c82 |  23.41074   .0322581   .1290323 
         c83 |  23.11704   .0322581   .1290323 
         c84 |  23.38358   .0322581   .1290323 
         c85 |  20.32696   .0322581   .2258065 
         c86 |  20.70206   .0322581   .1935484 
         c87 |  21.08006   .0322581   .1612903 
         c88 |  21.32307   .0322581   .1612903 
         c89 |  21.45304   .0322581   .1935484 
         c90 |  20.57265   .0322581   .2258065 
         c91 |  14.69843   .0967742   .3225806 
Estimating the treatment effects
Estimating the possible placebo effects (one set for each of the 1 treatment pe
> riods)
|                             | Total: 31
..............................| 14.00s elapsed. 

Conducting inference: 5 steps, and 31 placebo averages
Step 1... Finished
Step 2... Finished
Step 3... Finished
Step 4... Finished
Step 5... Finished

Post-treatment results: Effects, p-values, standardized p-values

             | estimates      pvals  pvals_std 
-------------+--------------------------------
          c1 |  6.607602          0   .0322581 
          c2 |  7.057012          0   .0322581 
          c3 |  8.501736          0   .0645161 
          c4 |  8.356932          0   .0645161 
          c5 |  7.449867          0   .1290323 
          c6 |  7.639289          0   .0645161 
          c7 |  4.333567   .0645161   .2903226 
          c8 |  4.060007   .0645161   .2903226 
          c9 |  5.514083          0   .1612903 
         c10 |  5.726176          0   .1612903 
         c11 |  7.319055          0   .1612903 
         c12 |  8.019778          0   .1290323 
         c13 |  6.218705          0   .2258065 
         c14 |  4.973538   .0967742   .3225806 
         c15 |   5.63241   .1935484   .3870968 
         c16 |  5.495279   .2258065   .3870968 
         c17 |  5.016112   .2258065    .516129 
         c18 |  4.386081   .2258065   .6129032 
         c19 |  3.104382   .2580645   .6451613 
         c20 |  2.870181   .2903226   .6774194 
         c21 |  4.392924   .1290323   .4193548 
         c22 |  4.091671   .1612903   .3225806 
         c23 |  6.778949          0   .3870968 
         c24 |  7.243214          0   .4193548 
         c25 |  7.522504   .0645161   .2903226 
         c26 |  7.515473   .0645161   .3225806 
         c27 |  9.077289   .0322581   .2258065 
         c28 |  8.968408   .0322581   .2258065 
         c29 |  8.358151   .0645161   .2580645 
         c30 |  8.031925   .0645161   .2580645 
         c31 |  2.836471   .3225806   .7096774 
         c32 |  1.749827   .7741935   .9032258 
         c33 |  7.644385   .0645161   .3225806 
         c34 |  7.393053   .0645161   .3225806 
         c35 |  8.281517   .0645161   .2903226 
         c36 |  9.308224   .0645161   .2258065 
         c37 |  11.18102   .0645161   .2258065 
         c38 |  11.04717   .0645161   .2580645 
         c39 |  14.58553   .0645161   .2258065 
         c40 |  14.57414   .0645161   .2258065 
         c41 |  13.51617   .0645161   .2258065 
         c42 |  12.99551   .0645161   .2258065 
         c43 |  10.77077   .0645161   .2580645 
         c44 |  9.827968   .0645161   .2903226 
         c45 |  10.03226   .0645161   .2580645 
         c46 |  9.845374   .0645161   .2258065 
         c47 |  12.65521   .0645161   .1935484 
         c48 |   13.5093   .0645161   .1290323 
         c49 |  16.14823   .0645161   .1612903 
         c50 |   16.6284   .0645161   .1290323 
         c51 |  18.23103   .0645161   .1612903 
         c52 |  18.26356   .0645161   .1612903 
         c53 |  18.07323   .0645161   .1612903 
         c54 |  16.68822   .0645161   .1290323 
         c55 |  12.62675   .0645161   .1935484 
         c56 |   12.3796   .0645161   .1935484 
         c57 |  14.92137   .0645161   .1935484 
         c58 |  14.83289   .0645161   .1935484 
         c59 |  13.63853   .0645161   .1935484 
         c60 |  13.93481   .0645161   .1935484 
         c61 |  17.97097   .0322581   .1612903 
         c62 |  18.43041   .0322581   .1612903 
         c63 |  20.62926   .0322581   .1290323 
         c64 |  20.65353   .0322581   .1290323 
         c65 |   20.4117   .0322581   .1290323 
         c66 |  20.12486   .0322581   .1290323 
         c67 |  14.72918   .0322581   .2580645 
         c68 |  14.76901   .0322581   .2580645 
         c69 |  18.37032   .0322581   .1612903 
         c70 |  17.77092   .0322581   .1612903 
         c71 |  19.45118   .0322581   .1612903 
         c72 |  19.96314   .0322581   .1290323 
         c73 |  20.94254   .0322581   .1290323 
         c74 |  21.48598   .0322581   .0967742 
         c75 |  24.60825   .0322581   .0645161 
         c76 |  24.84852   .0322581   .0645161 
         c77 |  25.09966   .0322581   .0967742 
         c78 |  24.94751   .0322581   .0967742 
         c79 |  17.93199   .0322581   .1935484 
         c80 |  17.88127   .0322581   .2258065 
         c81 |   23.3739   .0322581   .0967742 
         c82 |  23.60629   .0322581   .0967742 
         c83 |  24.03563          0   .0967742 
         c84 |  24.34647          0   .0645161 
         c85 |  22.09133   .0322581   .1612903 
         c86 |  22.55552   .0322581   .1612903 
         c87 |  21.97504   .0322581   .0967742 
         c88 |  22.01627   .0322581   .1290323 
         c89 |   22.4806   .0322581   .0967742 
         c90 |  21.41163   .0322581   .1290323 
         c91 |  14.91732   .0322581   .3870968 
Estimating the treatment effects
Estimating the possible placebo effects (one set for each of the 1 treatment pe
> riods)
|                             | Total: 31
..............................| 14.00s elapsed. 

Conducting inference: 5 steps, and 31 placebo averages
Step 1... Finished
Step 2... Finished
Step 3... Finished
Step 4... Finished
Step 5... Finished

Post-treatment results: Effects, p-values, standardized p-values

             | estimates      pvals  pvals_std 
-------------+--------------------------------
          c1 |  6.136752          0   .0967742 
          c2 |  6.556559          0   .0645161 
          c3 |  8.668234          0   .1290323 
          c4 |  8.521492          0   .1290323 
          c5 |  7.794713          0   .1935484 
          c6 |  8.090481          0   .1290323 
          c7 |  3.149014   .2258065   .5483871 
          c8 |  3.033695   .1935484   .5806452 
          c9 |  5.126767          0   .1612903 
         c10 |  5.489454          0   .1935484 
         c11 |  7.526403          0   .1612903 
         c12 |  8.177331          0   .1612903 
         c13 |  4.961823   .0645161   .4516129 
         c14 |  4.738838   .0322581   .4516129 
         c15 |  6.205344   .0645161   .3870968 
         c16 |  6.136032   .0967742   .4193548 
         c17 |  5.558221   .0967742   .4193548 
         c18 |  4.977049   .1290323    .516129 
         c19 |  2.595395   .5483871   .8064516 
         c20 |  2.451231    .516129   .7741935 
         c21 |  4.694508   .1290323    .516129 
         c22 |  4.829282   .1612903    .516129 
         c23 |  7.727341          0   .3548387 
         c24 |   8.10498          0   .3548387 
         c25 |  6.754945   .0322581   .5483871 
         c26 |  6.748687   .0322581   .5483871 
         c27 |  8.764233   .0322581   .3870968 
         c28 |  8.933596   .0322581   .3548387 
         c29 |  8.425477   .0322581   .3870968 
         c30 |  8.215623   .0322581   .3870968 
         c31 |  1.803454   .7419355   .9032258 
         c32 |  .5161294   .9032258   .9677419 
         c33 |  7.695995   .0645161    .516129 
         c34 |  7.403689   .0645161   .4516129 
         c35 |  8.275346   .0645161   .4516129 
         c36 |  9.338584   .0645161   .4193548 
         c37 |  10.52819   .0967742    .516129 
         c38 |  10.31155   .0967742    .483871 
         c39 |  14.28638   .0645161   .3225806 
         c40 |  14.44242   .0645161   .3225806 
         c41 |  13.56642   .0645161   .4193548 
         c42 |  13.07094   .0645161   .4193548 
         c43 |  9.689743   .0645161    .516129 
         c44 |  8.630831   .0967742   .5483871 
         c45 |  9.705492   .0967742    .483871 
         c46 |  9.567942   .0967742    .516129 
         c47 |  12.62629   .0645161   .3870968 
         c48 |  13.39706   .0645161   .3225806 
         c49 |  14.99071   .0645161   .2903226 
         c50 |  15.42437   .0645161   .3225806 
         c51 |  17.80543   .0645161   .3225806 
         c52 |  17.85415   .0645161   .3225806 
         c53 |  17.68096   .0645161   .3548387 
         c54 |  16.15034   .0645161   .3548387 
         c55 |  11.04958   .0967742    .483871 
         c56 |  10.78258   .0967742    .483871 
         c57 |  14.36694   .0645161   .3225806 
         c58 |  14.29014   .0645161   .3225806 
         c59 |  13.18908   .0645161   .3225806 
         c60 |  13.59373   .0645161   .3225806 
         c61 |  17.00333   .0645161   .3225806 
         c62 |  17.48863   .0645161   .2580645 
         c63 |   20.5358   .0322581   .2258065 
         c64 |  20.59117   .0322581   .2580645 
         c65 |  21.29621   .0322581   .2580645 
         c66 |  21.05108   .0322581   .2580645 
         c67 |   14.5501   .0322581   .2903226 
         c68 |  14.55344   .0322581   .2903226 
         c69 |  19.00283   .0322581   .2580645 
         c70 |  18.15052   .0322581   .2580645 
         c71 |  19.73384   .0322581   .2258065 
         c72 |  20.41521   .0322581   .1935484 
         c73 |  20.45094   .0322581   .2580645 
         c74 |  20.72567   .0322581   .1935484 
         c75 |  24.56008   .0322581   .1612903 
         c76 |  24.99598   .0322581   .1612903 
         c77 |  25.26484   .0322581   .1290323 
         c78 |  24.97048   .0322581   .1612903 
         c79 |   17.1893   .0322581   .3225806 
         c80 |   17.1316   .0322581   .3225806 
         c81 |  23.28786   .0322581   .1935484 
         c82 |  23.63849          0   .1935484 
         c83 |  23.85456          0   .1612903 
         c84 |  24.28302          0   .1935484 
         c85 |  21.34108   .0322581   .2258065 
         c86 |  21.83185   .0322581   .1935484 
         c87 |  21.59559   .0322581   .2258065 
         c88 |  21.71208   .0322581   .2258065 
         c89 |  22.30109   .0322581   .2258065 
         c90 |  21.38435   .0322581   .2580645 
         c91 |  13.28343   .0645161   .4193548 
Estimating the treatment effects
Estimating the possible placebo effects (one set for each of the 1 treatment pe
> riods)
|                             | Total: 31
..............................| 19.00s elapsed. 

Conducting inference: 5 steps, and 31 placebo averages
Step 1... Finished
Step 2... Finished
Step 3... Finished
Step 4... Finished
Step 5... Finished

Post-treatment results: Effects, p-values, standardized p-values

             | estimates      pvals  pvals_std 
-------------+--------------------------------
          c1 |  5.998017          0   .1612903 
          c2 |  6.436532          0   .1612903 
          c3 |  8.656734          0   .0967742 
          c4 |  8.542921          0   .0967742 
          c5 |  7.904108          0   .1612903 
          c6 |  8.227674          0   .0967742 
          c7 |  3.254893   .1612903   .5806452 
          c8 |   3.15936   .1612903   .6129032 
          c9 |  5.249136          0   .1935484 
         c10 |  5.597174          0   .2258065 
         c11 |  7.561399          0   .2580645 
         c12 |  8.203648          0   .1935484 
         c13 |  5.039546   .0322581    .516129 
         c14 |  5.010106          0   .5806452 
         c15 |  6.606024   .0645161    .516129 
         c16 |   6.57941   .0322581   .6129032 
         c17 |  6.040085   .0645161   .5806452 
         c18 |  5.442113   .0645161   .6129032 
         c19 |  2.895302    .483871   .7741935 
         c20 |  2.679561    .483871   .7741935 
         c21 |  4.913601   .0645161    .483871 
         c22 |  5.018944          0    .483871 
         c23 |  7.806517          0   .3548387 
         c24 |  8.190775          0   .3548387 
         c25 |  6.974433   .0645161   .6451613 
         c26 |  6.967344   .0322581   .6451613 
         c27 |  9.063195   .0322581   .4516129 
         c28 |  9.245022   .0322581   .3870968 
         c29 |  8.757756   .0322581   .4516129 
         c30 |  8.578868   .0322581    .516129 
         c31 |  2.012881   .6451613   .8709677 
         c32 |  .7116581   .9032258   .9677419 
         c33 |  7.978273   .0645161   .5483871 
         c34 |  7.682485   .0645161   .5483871 
         c35 |   8.41227   .0645161   .5483871 
         c36 |  9.501878   .0645161   .4193548 
         c37 |  10.68928   .0967742    .516129 
         c38 |  10.50219   .0967742   .5483871 
         c39 |  14.52611   .0645161   .3870968 
         c40 |  14.68459   .0645161   .3548387 
         c41 |  13.85781   .0645161   .4516129 
         c42 |  13.40434   .0645161   .4516129 
         c43 |  10.11507   .0645161   .5806452 
         c44 |  9.029201   .0967742   .5806452 
         c45 |  9.909289   .0645161   .4516129 
         c46 |  9.786508   .0645161    .483871 
         c47 |  12.77524   .0645161   .4193548 
         c48 |  13.54918   .0645161   .3548387 
         c49 |  14.99694   .0645161   .3870968 
         c50 |  15.44733   .0645161   .3548387 
         c51 |  18.02709   .0645161   .3225806 
         c52 |  18.11882   .0645161   .3225806 
         c53 |  17.99095   .0645161   .3870968 
         c54 |  16.45134   .0645161   .3870968 
         c55 |  11.34809   .1290323    .516129 
         c56 |  11.03297   .1290323   .5483871 
         c57 |  14.55568   .0645161   .3870968 
         c58 |  14.48382   .0645161   .3870968 
         c59 |  13.27507   .0645161   .4193548 
         c60 |  13.75334   .0645161   .4193548 
         c61 |  17.04994   .0322581   .3870968 
         c62 |  17.53225   .0322581   .3870968 
         c63 |  20.65428   .0322581   .3225806 
         c64 |  20.75052   .0322581   .3225806 
         c65 |  21.52515   .0322581   .2258065 
         c66 |  21.29107   .0322581   .2580645 
         c67 |  14.71393   .0322581   .3225806 
         c68 |  14.68432   .0322581   .3225806 
         c69 |  19.09259   .0322581   .2580645 
         c70 |  18.25014   .0322581   .2903226 
         c71 |  19.75876   .0322581   .2580645 
         c72 |   20.5165   .0322581   .2258065 
         c73 |  20.49149   .0322581   .2903226 
         c74 |  20.70259   .0322581   .2903226 
         c75 |  24.53704   .0322581   .1935484 
         c76 |  25.03746   .0322581   .2258065 
         c77 |  25.47681   .0322581   .1612903 
         c78 |  25.18327   .0322581   .1612903 
         c79 |  17.39023   .0322581   .3225806 
         c80 |  17.33824   .0322581   .3225806 
         c81 |  23.33993   .0322581   .2580645 
         c82 |  23.70141          0   .2580645 
         c83 |  23.85978          0   .2258065 
         c84 |  24.31866          0   .2580645 
         c85 |  21.38226   .0322581   .3225806 
         c86 |  21.88122   .0322581   .3225806 
         c87 |  21.64543   .0322581   .2903226 
         c88 |  21.81563   .0322581   .2903226 
         c89 |  22.57339   .0322581   .3225806 
         c90 |  21.65026   .0322581   .2903226 
         c91 |  13.42773   .0967742   .3548387 
. postclose `pf'
. 
. use `res', clear
. save "$data/construidas/imss_sc_modelos.dta", replace
file C:/Users/lcastillo/Music/TAREA 2/data/construidas/imss_sc_modelos.dta
    saved
. list, noobs separator(10)

  +--------------------------------------------------------------------+
  | var | espec |                                                 desc |
  |  ta |     2 |                          Promedios anuales 2015-2018 |
  |--------------------------------------------------------------------|
  |          rmspe      |          efecto       |           pval       |
  |      .36891981      |       -1.791246       |      .32258065       |
  +--------------------------------------------------------------------+

  +--------------------------------------------------------------------+
  | var | espec |                                                 desc |
  |  ta |     9 | Marzo y sept. 2015-2017, mar. y ago. 2018, dic. 2018 |
  |--------------------------------------------------------------------|
  |          rmspe      |          efecto       |           pval       |
  |      .47482123      |      -2.9862512       |      .51612903       |
  +--------------------------------------------------------------------+

  +--------------------------------------------------------------------+
  | var | espec |                                                 desc |
  |  ta |     1 |                        Enero de cada año y dic. 2018 |
  |--------------------------------------------------------------------|
  |          rmspe      |          efecto       |           pval       |
  |      .47657121      |       4.4999292       |      .48387097       |
  +--------------------------------------------------------------------+

  +--------------------------------------------------------------------+
  | var | espec |                                                 desc |
  |  ta |     6 |              Promedio del periodo previo y dic. 2018 |
  |--------------------------------------------------------------------|
  |          rmspe      |          efecto       |           pval       |
  |      .60126789      |       1.0361935       |      .48387097       |
  +--------------------------------------------------------------------+

  +--------------------------------------------------------------------+
  | var | espec |                                                 desc |
  |  ta |     5 |                                  Semestral 2015-2018 |
  |--------------------------------------------------------------------|
  |          rmspe      |          efecto       |           pval       |
  |      .60169352      |      -3.0999836       |      .29032258       |
  +--------------------------------------------------------------------+

  +--------------------------------------------------------------------+
  | var | espec |                                                 desc |
  |  ta |    10 |       Enero, abril, julio y octubre 2018 y dic. 2018 |
  |--------------------------------------------------------------------|
  |          rmspe      |          efecto       |           pval       |
  |      .61812367      |      -2.0530334       |      .25806452       |
  +--------------------------------------------------------------------+

  +--------------------------------------------------------------------+
  | var | espec |                                                 desc |
  |  ta |    12 |                Diciembre 2015-2017, jun. y dic. 2018 |
  |--------------------------------------------------------------------|
  |          rmspe      |          efecto       |           pval       |
  |      .76418393      |       -1.919928       |      .48387097       |
  +--------------------------------------------------------------------+

  +--------------------------------------------------------------------+
  | var | espec |                                                 desc |
  |  ta |     7 |                    Promedios 2017 y 2018 y dic. 2018 |
  |--------------------------------------------------------------------|
  |          rmspe      |          efecto       |           pval       |
  |      .77106164      |      -2.6741566       |      .41935484       |
  +--------------------------------------------------------------------+

  +--------------------------------------------------------------------+
  | var | espec |                                                 desc |
  |  ta |    11 |             Promedios bienales 2015-2016 y 2017-2018 |
  |--------------------------------------------------------------------|
  |          rmspe      |          efecto       |           pval       |
  |      .78101615      |       .42037842       |      .51612903       |
  +--------------------------------------------------------------------+

  +--------------------------------------------------------------------+
  | var | espec |                                                 desc |
  |  ta |     3 |               Marzo, junio, octubre y diciembre 2018 |
  |--------------------------------------------------------------------|
  |          rmspe      |          efecto       |           pval       |
  |      .86958164      |      -2.6402825       |      .48387097       |
  +--------------------------------------------------------------------+

  +--------------------------------------------------------------------+
  | var | espec |                                                 desc |
  | sal |     9 | Marzo y sept. 2015-2017, mar. y ago. 2018, dic. 2018 |
  |--------------------------------------------------------------------|
  |          rmspe      |          efecto       |           pval       |
  |      1.0704038      |       12.274919       |      .03225806       |
  +--------------------------------------------------------------------+

  +--------------------------------------------------------------------+
  | var | espec |                                                 desc |
  | sal |     6 |              Promedio del periodo previo y dic. 2018 |
  |--------------------------------------------------------------------|
  |          rmspe      |          efecto       |           pval       |
  |      1.2113894      |       14.523802       |      .03225806       |
  +--------------------------------------------------------------------+

  +--------------------------------------------------------------------+
  | var | espec |                                                 desc |
  | sal |     7 |                    Promedios 2017 y 2018 y dic. 2018 |
  |--------------------------------------------------------------------|
  |          rmspe      |          efecto       |           pval       |
  |      2.1677909      |       16.276086       |      .03225806       |
  +--------------------------------------------------------------------+

  +--------------------------------------------------------------------+
  | var | espec |                                                 desc |
  | sal |    10 |       Enero, abril, julio y octubre 2018 y dic. 2018 |
  |--------------------------------------------------------------------|
  |          rmspe      |          efecto       |           pval       |
  |      2.2121661      |       14.775549       |      .03225806       |
  +--------------------------------------------------------------------+

  +--------------------------------------------------------------------+
  | var | espec |                                                 desc |
  | sal |    11 |             Promedios bienales 2015-2016 y 2017-2018 |
  |--------------------------------------------------------------------|
  |          rmspe      |          efecto       |           pval       |
  |      2.2204872      |       12.595001       |      .03225806       |
  +--------------------------------------------------------------------+

  +--------------------------------------------------------------------+
  | var | espec |                                                 desc |
  | sal |     2 |                          Promedios anuales 2015-2018 |
  |--------------------------------------------------------------------|
  |          rmspe      |          efecto       |           pval       |
  |      2.2796741      |       12.727073       |      .03225806       |
  +--------------------------------------------------------------------+

  +--------------------------------------------------------------------+
  | var | espec |                                                 desc |
  | sal |    12 |                Diciembre 2015-2017, jun. y dic. 2018 |
  |--------------------------------------------------------------------|
  |          rmspe      |          efecto       |           pval       |
  |      2.6648055      |       12.650606       |      .03225806       |
  +--------------------------------------------------------------------+

  +--------------------------------------------------------------------+
  | var | espec |                                                 desc |
  | sal |     1 |                        Enero de cada año y dic. 2018 |
  |--------------------------------------------------------------------|
  |          rmspe      |          efecto       |           pval       |
  |       2.839946      |       13.211132       |      .03225806       |
  +--------------------------------------------------------------------+

  +--------------------------------------------------------------------+
  | var | espec |                                                 desc |
  | sal |     4 |                        Junio de cada año y dic. 2018 |
  |--------------------------------------------------------------------|
  |          rmspe      |          efecto       |           pval       |
  |      3.2005573      |       12.959367       |      .03225806       |
  +--------------------------------------------------------------------+

  +--------------------------------------------------------------------+
  | var | espec |                                                 desc |
  | sal |     5 |                                  Semestral 2015-2018 |
  |--------------------------------------------------------------------|
  |          rmspe      |          efecto       |           pval       |
  |      3.3681206      |       13.129474       |      .03225806       |
  +--------------------------------------------------------------------+
. 
. * Cuadro de modelos
. gen byte rango = .
(20 missing values generated)
. bysort var (rmspe): replace rango = _n
(20 real changes made)
. gen byte variable = cond(var == "ta", 1, 2)
. label define lvariable 1 "Empleo" 2 "Salario promedio real", replace
. label values variable lvariable
. label var rmspe  "RMSPE previo"
. label var efecto "Efecto promedio"
. label var pval   "Valor p"
. gen int modelo = 100 * variable + rango                     // renglón: rango
>  y especificación
. forvalues i = 1/`=_N' {
  2.     label define lmodelo `=modelo[`i']' "`=rango[`i']'. `=desc[`i']'", add
  3. }
. label values modelo lmodelo
. table (variable modelo) (), statistic(mean rmspe efecto pval) nototals

----------------------------------------------------------------------------------------------------------
                                                              |  RMSPE previo   Efecto promedio    Valor p
--------------------------------------------------------------+-------------------------------------------
variable                                                      |                                           
  Empleo                                                      |                                           
    modelo                                                    |                                           
      1. Promedios anuales 2015-2018                          |      .3689198         -1.791246   .3225806
      2. Marzo y sept. 2015-2017, mar. y ago. 2018, dic. 2018 |      .4748212         -2.986251    .516129
      3. Enero de cada año y dic. 2018                        |      .4765712          4.499929    .483871
      4. Promedio del periodo previo y dic. 2018              |      .6012679          1.036194    .483871
      5. Semestral 2015-2018                                  |      .6016935         -3.099984   .2903226
      6. Enero, abril, julio y octubre 2018 y dic. 2018       |      .6181237         -2.053033   .2580645
      7. Diciembre 2015-2017, jun. y dic. 2018                |      .7641839         -1.919928    .483871
      8. Promedios 2017 y 2018 y dic. 2018                    |      .7710616         -2.674157   .4193548
      9. Promedios bienales 2015-2016 y 2017-2018             |      .7810161          .4203784    .516129
      10. Marzo, junio, octubre y diciembre 2018              |      .8695816         -2.640282    .483871
  Salario promedio real                                       |                                           
    modelo                                                    |                                           
      1. Marzo y sept. 2015-2017, mar. y ago. 2018, dic. 2018 |      1.070404          12.27492   .0322581
      2. Promedio del periodo previo y dic. 2018              |      1.211389           14.5238   .0322581
      3. Promedios 2017 y 2018 y dic. 2018                    |      2.167791          16.27609   .0322581
      4. Enero, abril, julio y octubre 2018 y dic. 2018       |      2.212166          14.77555   .0322581
      5. Promedios bienales 2015-2016 y 2017-2018             |      2.220487            12.595   .0322581
      6. Promedios anuales 2015-2018                          |      2.279674          12.72707   .0322581
      7. Diciembre 2015-2017, jun. y dic. 2018                |      2.664805          12.65061   .0322581
      8. Enero de cada año y dic. 2018                        |      2.839946          13.21113   .0322581
      9. Junio de cada año y dic. 2018                        |      3.200557          12.95937   .0322581
      10. Semestral 2015-2018                                 |      3.368121          13.12947   .0322581
----------------------------------------------------------------------------------------------------------
. estilo_cuadro
. collect style header variable modelo, title(hide)
. collect style cell var[rmspe efecto], nformat(%9.2f)
. collect style cell var[pval], nformat(%9.3f)
. collect title "Cuadro 2.2. ZLFN: control sintético, 10 especificaciones con m
> enor RMSPE previo por variable"
. exporta_cuadro, archivo("$out/Cuadro_2_2_imss_control_sintetico") ///
>     nota("Nota: variables en índice (septiembre de 2018 = 100). RMSPE: raíz d
> el error cuadrático medio de predicción en enero de 2015 a diciembre de 2018.
>  Efecto promedio: diferencia promedio entre la ZLFN y su control sintético de
>  enero de 2019 a julio de 2026, en puntos del índice. Valor p: proporción de 
> placebos (31 entidades) con cociente RMSPE posterior / previo mayor o igual a
> l de la ZLFN. Rango 1 = especificación elegida.") ///
>     fuente("$fuente")
(collection Table exported to file C:/Users/lcastillo/Music/TAREA
 2/papers/output/Cuadro_2_2_imss_control_sintetico.xlsx)
(collection Table posted to putdocx)
successfully replaced "C:/Users/lcastillo/Music/TAREA 2/papers/output/Cuadro_2_
> 2_imss_control_sintetico.docx"
. preserve
.     keep if rango <= 10
(0 observations deleted)
.     gen str80 especificacion = desc
.     keep variable rango especificacion
.     list, noobs separator(10)

  +------------------------------------------------------+
  |      rango       |                    variable       |
  |          1       |       Salario promedio real       |
  |------------------------------------------------------|
  |                                       especificacion |
  | Marzo y sept. 2015-2017, mar. y ago. 2018, dic. 2018 |
  +------------------------------------------------------+

  +------------------------------------------------------+
  |      rango       |                    variable       |
  |          2       |       Salario promedio real       |
  |------------------------------------------------------|
  |                                       especificacion |
  |              Promedio del periodo previo y dic. 2018 |
  +------------------------------------------------------+

  +------------------------------------------------------+
  |      rango       |                    variable       |
  |          3       |       Salario promedio real       |
  |------------------------------------------------------|
  |                                       especificacion |
  |                    Promedios 2017 y 2018 y dic. 2018 |
  +------------------------------------------------------+

  +------------------------------------------------------+
  |      rango       |                    variable       |
  |          4       |       Salario promedio real       |
  |------------------------------------------------------|
  |                                       especificacion |
  |       Enero, abril, julio y octubre 2018 y dic. 2018 |
  +------------------------------------------------------+

  +------------------------------------------------------+
  |      rango       |                    variable       |
  |          5       |       Salario promedio real       |
  |------------------------------------------------------|
  |                                       especificacion |
  |             Promedios bienales 2015-2016 y 2017-2018 |
  +------------------------------------------------------+

  +------------------------------------------------------+
  |      rango       |                    variable       |
  |          6       |       Salario promedio real       |
  |------------------------------------------------------|
  |                                       especificacion |
  |                          Promedios anuales 2015-2018 |
  +------------------------------------------------------+

  +------------------------------------------------------+
  |      rango       |                    variable       |
  |          7       |       Salario promedio real       |
  |------------------------------------------------------|
  |                                       especificacion |
  |                Diciembre 2015-2017, jun. y dic. 2018 |
  +------------------------------------------------------+

  +------------------------------------------------------+
  |      rango       |                    variable       |
  |          8       |       Salario promedio real       |
  |------------------------------------------------------|
  |                                       especificacion |
  |                        Enero de cada año y dic. 2018 |
  +------------------------------------------------------+

  +------------------------------------------------------+
  |      rango       |                    variable       |
  |          9       |       Salario promedio real       |
  |------------------------------------------------------|
  |                                       especificacion |
  |                        Junio de cada año y dic. 2018 |
  +------------------------------------------------------+

  +------------------------------------------------------+
  |      rango       |                    variable       |
  |         10       |       Salario promedio real       |
  |------------------------------------------------------|
  |                                       especificacion |
  |                                  Semestral 2015-2018 |
  +------------------------------------------------------+

  +------------------------------------------------------+
  |      rango       |                    variable       |
  |          1       |                      Empleo       |
  |------------------------------------------------------|
  |                                       especificacion |
  |                          Promedios anuales 2015-2018 |
  +------------------------------------------------------+

  +------------------------------------------------------+
  |      rango       |                    variable       |
  |          2       |                      Empleo       |
  |------------------------------------------------------|
  |                                       especificacion |
  | Marzo y sept. 2015-2017, mar. y ago. 2018, dic. 2018 |
  +------------------------------------------------------+

  +------------------------------------------------------+
  |      rango       |                    variable       |
  |          3       |                      Empleo       |
  |------------------------------------------------------|
  |                                       especificacion |
  |                        Enero de cada año y dic. 2018 |
  +------------------------------------------------------+

  +------------------------------------------------------+
  |      rango       |                    variable       |
  |          4       |                      Empleo       |
  |------------------------------------------------------|
  |                                       especificacion |
  |              Promedio del periodo previo y dic. 2018 |
  +------------------------------------------------------+

  +------------------------------------------------------+
  |      rango       |                    variable       |
  |          5       |                      Empleo       |
  |------------------------------------------------------|
  |                                       especificacion |
  |                                  Semestral 2015-2018 |
  +------------------------------------------------------+

  +------------------------------------------------------+
  |      rango       |                    variable       |
  |          6       |                      Empleo       |
  |------------------------------------------------------|
  |                                       especificacion |
  |       Enero, abril, julio y octubre 2018 y dic. 2018 |
  +------------------------------------------------------+

  +------------------------------------------------------+
  |      rango       |                    variable       |
  |          7       |                      Empleo       |
  |------------------------------------------------------|
  |                                       especificacion |
  |                Diciembre 2015-2017, jun. y dic. 2018 |
  +------------------------------------------------------+

  +------------------------------------------------------+
  |      rango       |                    variable       |
  |          8       |                      Empleo       |
  |------------------------------------------------------|
  |                                       especificacion |
  |                    Promedios 2017 y 2018 y dic. 2018 |
  +------------------------------------------------------+

  +------------------------------------------------------+
  |      rango       |                    variable       |
  |          9       |                      Empleo       |
  |------------------------------------------------------|
  |                                       especificacion |
  |             Promedios bienales 2015-2016 y 2017-2018 |
  +------------------------------------------------------+

  +------------------------------------------------------+
  |      rango       |                    variable       |
  |         10       |                      Empleo       |
  |------------------------------------------------------|
  |                                       especificacion |
  |               Marzo, junio, octubre y diciembre 2018 |
  +------------------------------------------------------+
. restore
. 
. * Figuras: ZLFN frente a su control sintético y placebos (modelo elegido)
. use `elegido_ta', clear
(IMSS asegurados 2026, nivel celda (celdas con empleo))
. append using `elegido_sal'
(label lunidad already defined)
. format date %tm
. save "$data/construidas/imss_sc_elegido.dta", replace
file C:/Users/lcastillo/Music/TAREA 2/data/construidas/imss_sc_elegido.dta
    saved
. local xsc "xlabel(`=tm(2015m1)'(24)`=tm(2025m1)', format(%tmCCYY) labsize($gt
> am) nogrid) xline(`=tm(2019m1)', lcolor(gs8) lpattern(dash))"
. foreach v in ta sal {
  2.     local tit = cond("`v'" == "ta", "Empleo", "Salario promedio real")
  3.     twoway (line obs  date if unidad == 33 & var == "`v'", lcolor("$c1") l
> width(medthick)) ///
>            (line sint date if unidad == 33 & var == "`v'", lcolor("$c2") lwid
> th(medthick) lpattern(dash)), ///
>         title("`tit'", size($gtam) color(black)) ytitle("Índice (sep. 2018 = 
> 100)", size($gtam)) xtitle("") ///
>         `xsc' ylabel(, labsize($gtam) angle(horizontal) grid glcolor(gs14)) /
> //
>         legend(order(1 "ZLFN" 2 "ZLFN sintética") rows(1) size(small) region(
> lcolor(white))) ///
>         graphregion(color(white)) plotregion(color(white) lcolor(none)) name(
> t_`v', replace) nodraw
  4.     local pl ""
  5.     levelsof unidad if unidad != 33 & var == "`v'", local(us)
  6.     foreach u of local us {
  7.         local pl `pl' (line efecto date if unidad == `u' & var == "`v'", l
> color(gs12) lwidth(thin))
  8.     }
  9.     twoway `pl' (line efecto date if unidad == 33 & var == "`v'", lcolor("
> $c1") lwidth(thick)), ///
>         title("`tit'", size($gtam) color(black)) ytitle("Diferencia con el si
> ntético (puntos)", size($gtam)) xtitle("") ///
>         `xsc' ylabel(, labsize($gtam) angle(horizontal) grid glcolor(gs14)) y
> line(0, lcolor(gs6)) ///
>         legend(order(`=wordcount("`us'") + 1' "ZLFN" 1 "Placebos (entidades)"
> ) rows(1) size(small) region(lcolor(white))) ///
>         graphregion(color(white)) plotregion(color(white) lcolor(none)) name(
> p_`v', replace) nodraw
 10. }
1 3 4 5 6 7 8 9 10 11 12 13 14 15 16 17 18 19 20 21 22 23 24 25 26 27 28 29 30 
> 31 32
1 3 4 5 6 7 8 9 10 11 12 13 14 15 16 17 18 19 20 21 22 23 24 25 26 27 28 29 30 
> 31 32
. graph combine t_ta t_sal, rows(1) iscale(1) graphregion(color(white)) xsize(6
> .5) ysize(3.6) ///
>     note("Nota: especificación con menor RMSPE previo para cada variable; la 
> línea vertical marca enero de 2019. El pico de mayo de 2026" ///
>          "en el empleo sintético proviene de un aumento atípico y transitorio
>  de los registros de Hidalgo (+18% mensual, revertido en junio)." ///
>          "$fuente", size(small) span)
. graph export "$out/Fig_2_11_imss_zlfn_sintetico.png", width(2400) replace
file C:/Users/lcastillo/Music/TAREA
    2/papers/output/Fig_2_11_imss_zlfn_sintetico.png saved as PNG format
. graph combine p_ta p_sal, rows(1) iscale(1) graphregion(color(white)) xsize(6
> .5) ysize(3.6) ///
>     note("Nota: diferencia entre cada unidad y su control sintético; en gris,
>  las 31 entidades usadas como placebo." ///
>          "$fuente", size(small) span)
. graph export "$out/Fig_2_11_imss_zlfn_placebos.png", width(2400) replace
file C:/Users/lcastillo/Music/TAREA
    2/papers/output/Fig_2_11_imss_zlfn_placebos.png saved as PNG format
. }   // fin de 2.11

. 
. log close
      name:  <unnamed>
       log:  C:/Users/lcastillo/Music/TAREA 2/log/P2_IMSS.log
  log type:  text
 closed on:  28 Sep 2026, 20:40:20
-------------------------------------------------------------------------------
